completed_t2_flag,male,non_binary,single_t1,age_z,tenure_score_t1_z,total_approvals_t1_log_z,anthropomorphism_score_t1_z,intensity_avg_t1_z,companionship_use_t1_z,relational_t1_z,self_disclosure_select_avg_t1_z,chatbot_use_social_primary_flag_t1,well_being_avg_t1_z,intensity_avg_t2_z,companionship_use_t2_z,relational_t2_z,self_disclosure_select_avg_t2_z,well_being_avg_t2_z,time_inperson_z
1,1,0,1,0.0720456436704649,-1.822673328920161,1.3719340544290446,-0.7471655762935278,-1.9873209852293865,-0.3555829950036889,-1.0080559469640418,-0.2720081363813634,0,-1.7238224888350453,-1.4171016880388407,-1.1891152097339777,-0.9875479113951852,-1.440763959714756,-1.7039337819951887,-1.955743244521583
1,0,0,0,0.7239171444792128,-1.822673328920161,2.144696832994902,0.4892342033452379,-0.9150468597865812,-0.3555829950036889,-1.0080559469640418,0.1825545078232127,0,0.286649297934437,-0.50963814413962,0.1008886874815482,1.010302471565581,-0.5347955440099867,1.249892352720865,0.4799199734783458
1,0,0,0,0.537668144248142,-0.4594103968661684,0.4983549071261266,-0.1289656864741449,-1.1702988071372102,-0.3555829950036889,-1.0080559469640418,0.6371171527096334,0,0.7892672440613618,-0.2212520961074212,0.9608912856252324,1.010302471565581,0.7594450502977093,1.0135862614898723,1.088835777978328
0,0,0,1,-0.2073278566761413,-0.4594103968661684,1.3688980870295224,-1.9835653559322937,-0.916882952758288,-0.3555829950036889,-1.0080559469640418,-0.4992894591654961,0,-0.7185865958272676,,,,,,
1,1,0,1,0.1651701437860003,-0.4594103968661684,1.2671155624450086,-1.3653654661129109,-0.8390936751975335,-0.3555829950036889,0.9911705877184126,-1.1811334261542046,0,-0.8442410819820356,1.0024351522563868,0.5308899865533903,1.010302471565581,0.6300209906339761,-0.1679441918294137,-0.1289958310216364
1,1,0,1,-0.3004523567916767,-1.822673328920161,-0.572824009075733,-1.3653654661129109,-1.931641932833717,-0.3555829950036889,-1.0080559469640418,-0.7265707812677842,0,0.4123037840892044,-1.4171016880388407,-1.1891152097339777,-0.9875479113951852,-1.440763959714756,0.5409740804457256,1.088835777978328
1,1,0,1,1.0032906448258192,-0.4594103968661684,2.626007313531775,-1.3653654661129109,-1.0820840169735892,2.809907727435166,0.9911705877184126,-0.0447268142790753,1,-1.975131461898508,-1.4171016880388407,-1.1891152097339777,-0.9875479113951852,-1.440763959714756,-1.467627691473115,-0.7379116355216186
1,0,0,0,0.1651701437860003,-0.4594103968661684,2.206039344063119,0.4892342033452379,-0.121167996322123,-0.3555829950036889,0.9911705877184126,1.3189611196983422,0,1.2918851909422144,1.0322067341397283,0.9608912856252324,1.010302471565581,0.7594450502977093,1.0135862614898723,-0.7379116355216186
1,0,0,1,-0.2073278566761413,0.9038525351878244,1.6295311269396182,0.4892342033452379,0.8259756674753087,-0.3555829950036889,-1.0080559469640418,0.6371171527096334,0,-0.8442410819820356,-1.4171016880388407,-1.1891152097339777,-0.9875479113951852,-1.440763959714756,-0.28609723744491,-0.1289958310216364
0,0,1,0,0.0720456436704649,-0.4594103968661684,-0.7597475851541964,-0.7471655762935278,0.381631751724862,2.809907727435166,0.9911705877184126,1.3189611196983422,1,-1.4725135157715823,,,,,,
1,1,0,1,1.18953964505689,0.9038525351878244,0.9332840966169246,0.4892342033452379,0.4691802863381289,-0.3555829950036889,-1.0080559469640418,0.4098358306073453,0,-0.3416231358551105,-1.4171016880388407,-1.1891152097339777,-0.9875479113951852,-1.440763959714756,0.3046679892147332,-0.7379116355216186
0,0,0,1,1.4689131454034965,0.9038525351878244,1.5087060294555985,-1.3653654661129109,-1.0618098847802109,-0.3555829950036889,-1.0080559469640418,-0.0447268142790753,0,-0.4672776220098779,,,,,,
1,0,0,1,0.537668144248142,0.9038525351878244,2.0781131715163723,0.4892342033452379,0.6047702091720927,-0.3555829950036889,-1.0080559469640418,-0.2720081363813634,0,-0.3416231358551105,1.5046835835463368,1.820893883768916,1.010302471565581,1.277141287787824,0.0683618986926597,-1.3468274400216007
0,1,0,1,0.1651701437860003,0.9038525351878244,0.9293505865407564,-1.3653654661129109,1.528770558341807,-0.3555829950036889,-1.0080559469640418,1.3189611196983422,0,1.6688486509143718,,,,,,
1,1,0,1,-0.8591993574848892,0.9038525351878244,1.7354393494640223,-0.7471655762935278,-0.7133634404811068,-0.3555829950036889,-1.0080559469640418,-0.2720081363813634,0,0.6636127579065945,0.3088339916149173,0.5308899865533903,1.010302471565581,0.3711728720830549,1.0135862614898723,-0.7379116355216186
1,1,0,1,0.0720456436704649,-1.822673328920161,1.0950972807931747,0.4892342033452379,-2.043000037625055,-0.3555829950036889,-1.0080559469640418,-1.408414748256493,0,-1.346859028862888,-1.4171016880388407,-1.1891152097339777,-0.9875479113951852,-1.440763959714756,-0.8768624641045535,-0.7379116355216186
0,0,0,1,-0.8591993574848892,-0.4594103968661684,-0.0912536392429394,-1.3653654661129109,-0.2447877066880349,-0.3555829950036889,0.9911705877184126,0.4098358306073453,0,-0.592932108918573,,,,,,
0,1,0,1,0.1651701437860003,-0.4594103968661684,1.4354223065984253,0.4892342033452379,0.4702687897530367,-0.3555829950036889,0.9911705877184126,-0.2720081363813634,0,1.2918851909422144,,,,,,
1,0,0,0,0.2582946439015358,-1.822673328920161,1.886789960524285,-0.1289656864741449,-0.1338518497612499,-0.3555829950036889,0.9911705877184126,-0.9538521033700724,0,0.0353403241170469,1.203566058480248,1.390892584697074,1.010302471565581,0.5005969313585155,0.5409740804457256,-1.3468274400216007
0,1,0,0,0.0720456436704649,-0.4594103968661684,0.1370115061283879,-0.7471655762935278,-0.4906472308984295,-0.3555829950036889,-1.0080559469640418,-1.408414748256493,0,-0.0903141620377204,,,,,,
0,0,0,0,-0.3935768569072121,-1.822673328920161,0.1689417624257904,-0.7471655762935278,-1.1934421217649278,-0.3555829950036889,-1.0080559469640418,-0.0447268142790753,0,-0.9698955688907304,,,,,,
0,0,0,1,0.2582946439015358,-0.4594103968661684,0.9814858923725126,0.4892342033452379,0.3676818696643273,-0.3555829950036889,-1.0080559469640418,0.4098358306073453,0,-0.9698955688907304,,,,,,
1,1,0,1,-0.3935768569072121,0.9038525351878244,1.2306300646165715,-1.9835653559322937,-2.043000037625055,-0.3555829950036889,-1.0080559469640418,-0.0447268142790753,0,0.0353403241170469,-0.7386067067958693,-0.3291126115902937,-0.9875479113951852,0.5005969313585155,-0.0497911469228365,0.4799199734783458
0,0,0,1,0.3514191440170712,-0.4594103968661684,1.5660687297060856,1.1074340931646207,0.0104642406625941,2.809907727435166,0.9911705877184126,0.8643984748119214,1,-0.8442410819820356,,,,,,
1,0,0,1,0.2582946439015358,-1.822673328920161,0.4593567054902832,1.1074340931646207,-0.209382786485744,-0.3555829950036889,-1.0080559469640418,-0.2720081363813634,0,-1.975131461898508,-0.3230049004016554,-0.7591139106621356,-0.9875479113951852,0.5005969313585155,-1.467627691473115,1.088835777978328
0,0,1,1,-0.6729503572538184,0.9038525351878244,0.6347398384218608,-0.7471655762935278,0.1091384920148055,-0.3555829950036889,-1.0080559469640418,-0.2720081363813634,0,-1.346859028862888,,,,,,
0,1,0,0,0.4445436441326066,0.9038525351878244,2.0136887703733053,0.4892342033452379,-0.8720516608300388,-0.3555829950036889,-1.0080559469640418,-0.0447268142790753,0,0.286649297934437,,,,,,
1,0,1,0,0.1651701437860003,0.9038525351878244,1.3789642030896196,-1.9835653559322937,-0.9277307132257082,-0.3555829950036889,-1.0080559469640418,-2.7721026822339105,0,0.7892672440613618,0.3936515079506907,-0.7591139106621356,-0.9875479113951852,-0.7936436625609083,1.249892352720865,1.088835777978328
1,1,0,0,-0.3004523567916767,-0.4594103968661684,0.8918107532218912,-0.7471655762935278,-0.705014503643031,-0.3555829950036889,-1.0080559469640418,-0.7265707812677842,0,-2.8547128687515175,-0.7767681339052441,0.1008886874815482,1.010302471565581,-1.0524917815001018,-2.294699008654832,-1.3468274400216007
1,0,1,0,-0.5798258571382829,-0.4594103968661684,0.934263826583848,-1.3653654661129109,-0.5231829686663815,-0.3555829950036889,-1.0080559469640418,-0.2720081363813634,0,-0.0903141620377204,-1.4171016880388407,-1.1891152097339777,-0.9875479113951852,-1.440763959714756,0.0683618986926597,1.088835777978328
0,0,0,0,1.5620376455190317,0.9038525351878244,1.937381957541279,-0.1289656864741449,1.1401056949870292,-0.3555829950036889,-1.0080559469640418,0.6371171527096334,0,-0.7185865958272676,,,,,,
1,0,0,1,0.8170416445947483,0.9038525351878244,2.307314186049671,1.1074340931646207,-0.2237549164108321,-0.3555829950036889,0.9911705877184126,0.4098358306073453,0,0.286649297934437,1.1696414462877394,1.390892584697074,1.010302471565581,0.6300209906339761,0.3046679892147332,-0.1289958310216364
0,1,0,0,-0.4867013570227475,-0.4594103968661684,0.2199151919432306,-1.3653654661129109,-1.7646047756467091,-0.3555829950036889,-1.0080559469640418,-1.8629773931429137,0,-0.8442410819820356,,,,,,
1,0,1,1,0.537668144248142,0.9038525351878244,1.3622719145503883,0.4892342033452379,0.6708747741706288,-0.3555829950036889,0.9911705877184126,-0.4992894591654961,0,-1.221204541954193,-1.4171016880388407,-1.1891152097339777,-0.9875479113951852,-1.440763959714756,-1.467627691473115,-0.1289958310216364
1,1,0,0,-0.3004523567916767,0.9038525351878244,1.2966191185506075,1.1074340931646207,1.0585515651755228,-0.3555829950036889,-1.0080559469640418,1.3189611196983422,0,-1.598168001926351,0.3197033560965486,1.390892584697074,1.010302471565581,-0.1465233657953324,-1.1131685553355453,0.4799199734783458
0,1,0,0,0.4445436441326066,0.9038525351878244,1.0030072866240165,-0.1289656864741449,0.347407737470949,2.809907727435166,-1.0080559469640418,-0.2720081363813634,1,1.1662307040335194,,,,,,
0,0,0,0,-0.1142033565606058,-0.4594103968661684,0.4368843541330529,-1.3653654661129109,-1.3402051467585572,-0.3555829950036889,-1.0080559469640418,-0.2720081363813634,0,0.286649297934437,,,,,,
0,0,0,0,0.1651701437860003,-1.822673328920161,0.3287534915485317,1.1074340931646207,-0.8247215452724453,-0.3555829950036889,0.9911705877184126,-0.0447268142790753,0,-1.975131461898508,,,,,,
0,0,0,1,0.1651701437860003,0.9038525351878244,0.1751467633358142,-1.3653654661129109,-0.3207408912770826,-0.3555829950036889,0.9911705877184126,1.3189611196983422,0,-1.7238224888350453,,,,,,
1,1,0,0,1.0964151449413546,-0.4594103968661684,1.898726041385029,-1.3653654661129109,-0.253558891390664,-0.3555829950036889,-1.0080559469640418,1.0916797975960542,0,-0.2159686489464154,0.2433805018777988,0.1008886874815482,1.010302471565581,0.7594450502977093,0.3046679892147332,0.4799199734783458
1,0,0,0,-0.7660748573693538,-0.4594103968661684,1.3345481257259555,-0.7471655762935278,-1.3048002265562666,-0.3555829950036889,0.9911705877184126,-0.7265707812677842,0,0.6636127579065945,-0.7767681339052441,-0.7591139106621356,-0.9875479113951852,-1.0524917815001018,1.0135862614898723,-0.1289958310216364
1,1,0,1,-0.5798258571382829,-0.4594103968661684,1.074042580666584,-1.3653654661129109,-1.7089257232510395,-0.3555829950036889,-1.0080559469640418,-0.7265707812677842,0,-0.2159686489464154,0.4936051228006228,-0.7591139106621356,-0.9875479113951852,0.8888691095731699,-0.1679441918294137,-1.955743244521583
1,1,0,0,-0.0210788564450704,-0.4594103968661684,2.0486830385853936,-1.9835653559322937,-1.9873209852293865,-0.3555829950036889,-1.0080559469640418,-2.0902587152452017,0,-0.4672776220098779,-1.4171016880388407,-1.1891152097339777,-0.9875479113951852,-1.440763959714756,0.0683618986926597,-0.1289958310216364
1,1,0,1,0.7239171444792128,-0.4594103968661684,2.0486830385853936,-1.9835653559322937,-1.3402051467585572,-0.3555829950036889,-1.0080559469640418,-2.7721026822339105,0,-0.2159686489464154,-1.4171016880388407,-1.1891152097339777,-0.9875479113951852,-1.440763959714756,0.3046679892147332,-0.7379116355216186
1,1,0,0,2.2139091463277794,-1.822673328920161,2.74728460673751,0.4892342033452379,0.5259478421487062,-0.3555829950036889,-1.0080559469640418,0.4098358306073453,0,0.9149217309700568,-1.4171016880388407,-1.1891152097339777,-0.9875479113951852,-1.440763959714756,0.1865149443081559,-1.3468274400216007
0,0,0,1,-0.6729503572538184,-1.822673328920161,1.058002284868427,0.4892342033452379,-0.7606935560387004,-0.3555829950036889,-1.0080559469640418,-1.408414748256493,0,-1.975131461898508,,,,,,
1,1,0,0,0.3514191440170712,0.9038525351878244,1.094329322843126,-0.7471655762935278,-0.360092428801595,-0.3555829950036889,0.9911705877184126,0.4098358306073453,0,-1.4725135157715823,-1.4171016880388407,-1.1891152097339777,-0.9875479113951852,-1.440763959714756,-1.1131685553355453,-0.1289958310216364
1,0,1,1,-0.3004523567916767,0.9038525351878244,1.1893552120301898,-1.3653654661129109,-1.7646047756467091,-0.3555829950036889,-1.0080559469640418,-2.0902587152452017,0,-0.9698955688907304,-1.4171016880388407,-1.1891152097339777,-0.9875479113951852,-1.440763959714756,0.7772801709677991,1.088835777978328
1,1,0,1,-0.3004523567916767,-0.4594103968661684,1.5313006318059887,0.4892342033452379,0.1120076744491449,2.809907727435166,0.9911705877184126,-0.2720081363813634,1,0.0353403241170469,1.066590666657933,0.5308899865533903,1.010302471565581,0.1123247531438611,0.1865149443081559,-1.3468274400216007
1,1,0,0,0.1651701437860003,-0.4594103968661684,0.6908258343601887,-0.7471655762935278,-0.8390936751975335,-0.3555829950036889,-1.0080559469640418,-1.408414748256493,0,-0.4672776220098779,1.0509203500427482,-0.3291126115902937,-0.9875479113951852,0.2417488124193217,0.1865149443081559,-0.7379116355216186
1,1,0,0,-0.3004523567916767,0.9038525351878244,1.335615699046422,-0.7471655762935278,0.4377330519850849,-0.3555829950036889,0.9911705877184126,0.4098358306073453,0,-1.598168001926351,0.3851568458336671,1.390892584697074,1.010302471565581,-0.5347955440099867,0.5409740804457256,-0.7379116355216186
1,0,0,1,-0.1142033565606058,-0.4594103968661684,2.076029087555158,0.4892342033452379,-0.3092379437863335,-0.3555829950036889,-1.0080559469640418,1.3189611196983422,0,0.0353403241170469,0.3155294642876387,-0.3291126115902937,1.010302471565581,1.0182931688486303,-0.1679441918294137,1.088835777978328
1,0,0,1,0.3514191440170712,-0.4594103968661684,2.497146618162087,-1.3653654661129109,0.1785344873122343,-0.3555829950036889,-1.0080559469640418,-1.6356960703587813,0,1.1662307040335194,1.249007956978774,0.5308899865533903,1.010302471565581,0.7594450502977093,0.0683618986926597,-0.1289958310216364
1,1,0,0,-0.7660748573693538,0.9038525351878244,1.092020079695389,-0.7471655762935278,0.6373059469400445,-0.3555829950036889,0.9911705877184126,-0.2720081363813634,0,0.4123037840892044,-1.4171016880388407,-1.1891152097339777,-0.9875479113951852,-1.440763959714756,1.249892352720865,-0.1289958310216364
0,0,1,0,0.9101661447102836,0.9038525351878244,1.6599308889584126,-1.3653654661129109,-1.5418885660640316,-0.3555829950036889,0.9911705877184126,-1.6356960703587813,0,-1.4725135157715823,,,,,,
1,1,0,0,0.4445436441326066,0.9038525351878244,0.6765216451035043,1.1074340931646207,0.6456548837781202,2.809907727435166,0.9911705877184126,1.0916797975960542,1,0.286649297934437,0.8770185833386741,1.390892584697074,1.010302471565581,1.277141287787824,1.1317393071053687,-0.7379116355216186
0,0,0,0,-0.5798258571382829,-0.4594103968661684,0.7868043775060695,-1.3653654661129109,-0.3207408912770826,-0.3555829950036889,-1.0080559469640418,-0.4992894591654961,0,-1.84947697574374,,,,,,
1,0,0,1,-0.4867013570227475,0.9038525351878244,1.436796645551284,-0.1289656864741449,1.6643604811757704,-0.3555829950036889,0.9911705877184126,1.3189611196983422,0,-2.8547128687515175,-1.4171016880388407,-1.1891152097339777,-0.9875479113951852,-1.440763959714756,-2.412852054270328,-1.955743244521583
0,0,0,0,1.3757886452879609,-0.4594103968661684,-0.301696699196659,0.4892342033452379,-0.9150468597865812,-0.3555829950036889,-1.0080559469640418,0.6371171527096334,0,-0.2159686489464154,,,,,,
0,1,0,0,-0.2073278566761413,-0.4594103968661684,1.8094766151964816,-0.7471655762935278,-1.3604792789519358,-0.3555829950036889,-1.0080559469640418,-2.5448213601316225,0,0.5379582709978995,,,,,,
1,1,0,0,-0.3935768569072121,-0.4594103968661684,1.0596239488519226,-0.1289656864741449,-1.096456146898677,-0.3555829950036889,0.9911705877184126,-1.6356960703587813,0,-1.84947697574374,0.0204479435827184,-0.3291126115902937,1.010302471565581,0.3711728720830549,-0.0497911469228365,-0.7379116355216186
0,0,1,1,0.537668144248142,0.9038525351878244,0.5563276417224073,0.4892342033452379,0.0892866076859808,2.809907727435166,0.9911705877184126,1.0916797975960542,1,-1.84947697574374,,,,,,
0,0,1,1,-0.3935768569072121,-0.4594103968661684,1.9168996691803075,0.4892342033452379,-0.6020053356897681,2.809907727435166,0.9911705877184126,1.3189611196983422,1,-1.221204541954193,,,,,,
1,1,0,1,3.2382786475986687,-0.4594103968661684,1.334013691615431,0.4892342033452379,-1.2634933040856853,-0.3555829950036889,-1.0080559469640418,0.1825545078232127,0,0.9149217309700568,0.3469954187242922,-0.3291126115902937,1.010302471565581,0.8888691095731699,1.6043514888584347,-1.3468274400216007
1,0,1,0,-0.3004523567916767,-0.4594103968661684,0.6469494742757009,1.7256339829840035,1.462677061870296,2.809907727435166,0.9911705877184126,1.3189611196983422,1,-1.221204541954193,1.5009269504549096,1.390892584697074,1.010302471565581,0.8888691095731699,-1.585780736379693,-1.955743244521583
1,0,0,1,-0.5798258571382829,0.9038525351878244,1.43404510344283,-0.1289656864741449,0.4377330519850849,-0.3555829950036889,0.9911705877184126,0.1825545078232127,0,-1.095550055799425,-1.4171016880388407,-1.1891152097339777,-0.9875479113951852,-1.440763959714756,-1.2313216002421232,-1.3468274400216007
1,1,0,0,0.6307926443636774,0.9038525351878244,-1.3281924446123898,0.4892342033452379,0.3032316325660287,-0.3555829950036889,-1.0080559469640418,1.3189611196983422,0,1.040576217878752,-0.4714767170302451,0.9608912856252324,-0.9875479113951852,-0.405371484346254,1.0135862614898723,-0.1289958310216364
0,0,0,0,-0.0210788564450704,0.9038525351878244,-0.1391606781342861,-0.1289656864741449,0.1676867268448141,-0.3555829950036889,0.9911705877184126,0.8643984748119214,0,1.1662307040335194,,,,,,
1,1,0,1,-0.6729503572538184,0.9038525351878244,1.356612786810015,-0.1289656864741449,-0.8947727275932029,-0.3555829950036889,0.9911705877184126,-1.1811334261542046,0,0.0353403241170469,-0.5859609983583698,1.390892584697074,1.010302471565581,0.5005969313585155,0.4228210348302294,-1.955743244521583
1,0,0,0,-0.3935768569072121,-0.4594103968661684,0.8980450234372748,-1.9835653559322937,-1.931641932833717,-0.3555829950036889,-1.0080559469640418,-2.7721026822339105,0,-1.598168001926351,-0.4714767170302451,-0.7591139106621356,-0.9875479113951852,-0.6642196032854475,-0.7587094191979756,1.088835777978328
0,1,0,0,-0.4867013570227475,-1.822673328920161,1.4224554036873869,1.1074340931646207,-0.0079075194280485,-0.3555829950036889,0.9911705877184126,1.3189611196983422,0,1.6688486509143718,,,,,,
1,1,0,0,0.0720456436704649,-0.4594103968661684,1.3083948926657,-1.3653654661129109,-1.4305304612726932,-0.3555829950036889,-1.0080559469640418,-0.2720081363813634,0,0.5379582709978995,0.2748464563144525,-0.7591139106621356,-0.9875479113951852,0.8888691095731699,0.7772801709677991,-0.1289958310216364
1,1,0,1,-0.4867013570227475,-1.822673328920161,1.3275665405591852,-0.1289656864741449,-0.3004667590837041,-0.3555829950036889,-1.0080559469640418,-0.0447268142790753,0,-1.84947697574374,0.4614797000524168,1.820893883768916,1.010302471565581,1.277141287787824,-0.7587094191979756,-1.3468274400216007
1,1,0,1,-0.4867013570227475,0.9038525351878244,1.4331253708773204,-0.7471655762935278,-0.5463262832940989,-0.3555829950036889,0.9911705877184126,-0.0447268142790753,0,-0.592932108918573,-0.0304449605605467,0.1008886874815482,1.010302471565581,0.5005969313585155,-0.4042502830604059,1.088835777978328
1,1,0,1,-0.3935768569072121,0.9038525351878244,0.1904090523852567,-0.7471655762935278,-1.7646047756467091,-0.3555829950036889,-1.0080559469640418,-1.8629773931429137,0,1.1662307040335194,-0.5477995712489948,-0.3291126115902937,-0.9875479113951852,-0.405371484346254,1.3680453976274425,-0.1289958310216364
0,0,0,0,1.2826641451724254,0.9038525351878244,2.5426347770540874,-0.7471655762935278,-0.379289126107091,-0.3555829950036889,-1.0080559469640418,-2.0902587152452017,0,-0.8442410819820356,,,,,,
0,0,0,0,0.7239171444792128,0.9038525351878244,1.579479448509781,-0.1289656864741449,-0.5578292307848479,-0.3555829950036889,-1.0080559469640418,0.6371171527096334,0,-0.0903141620377204,,,,,,
0,1,0,1,-0.3004523567916767,-1.822673328920161,1.752686811512068,-0.1289656864741449,-1.5418885660640316,-0.3555829950036889,-1.0080559469640418,-1.1811334261542046,0,0.160994811025742,,,,,,
1,0,0,1,1.2826641451724254,0.9038525351878244,2.077071951119796,1.1074340931646207,0.1449656600816501,-0.3555829950036889,-1.0080559469640418,-0.7265707812677842,0,0.5379582709978995,0.8116280167095122,1.390892584697074,1.010302471565581,0.5005969313585155,0.6591271253523029,-0.1289958310216364
1,0,0,1,-0.6729503572538184,-0.4594103968661684,0.4791434453917765,-1.9835653559322937,-1.6532466708553704,-0.3555829950036889,0.9911705877184126,0.8643984748119214,0,-0.8442410819820356,-1.4171016880388407,-1.1891152097339777,-0.9875479113951852,-1.440763959714756,-0.0497911469228365,1.088835777978328
1,1,0,0,-0.4867013570227475,0.9038525351878244,-0.2182383019065798,-1.3653654661129109,-2.098679090020725,-0.3555829950036889,-1.0080559469640418,-1.1811334261542046,0,0.286649297934437,-1.4171016880388407,-1.1891152097339777,-0.9875479113951852,-1.440763959714756,-0.0497911469228365,0.4799199734783458
0,0,0,0,1.655162145634567,0.9038525351878244,1.1474601544127008,-0.7471655762935278,-1.0820840169735892,-0.3555829950036889,-1.0080559469640418,-1.6356960703587813,0,0.160994811025742,,,,,,
0,0,0,1,-0.5798258571382829,-0.4594103968661684,-0.5824713007279525,1.1074340931646207,1.0049490885446446,2.809907727435166,0.9911705877184126,1.3189611196983422,1,-1.095550055799425,,,,,,
1,0,0,0,0.0720456436704649,0.9038525351878244,1.832001197455376,-0.7471655762935278,-0.1891086542923655,-0.3555829950036889,-1.0080559469640418,1.3189611196983422,0,1.040576217878752,0.1434568061435273,-0.3291126115902937,1.010302471565581,0.7594450502977093,0.4228210348302294,-1.3468274400216007
1,0,1,1,-0.6729503572538184,0.9038525351878244,1.9032600402460365,0.4892342033452379,0.5038376169836208,-0.3555829950036889,0.9911705877184126,0.4098358306073453,0,1.040576217878752,0.2197796603622771,-0.7591139106621356,1.010302471565581,-0.1465233657953324,1.1317393071053687,1.088835777978328
1,0,1,1,-0.2073278566761413,-0.4594103968661684,1.0571899581015445,0.4892342033452379,1.0833381391764525,-0.3555829950036889,-1.0080559469640418,-0.0447268142790753,0,-1.095550055799425,1.310119814908035,0.5308899865533903,-0.9875479113951852,-0.2759474250707932,-0.5224033279669839,1.088835777978328
1,0,0,1,-0.9523238576004246,-0.4594103968661684,0.7516189252215789,-1.3653654661129109,0.6708747741706288,-0.3555829950036889,-1.0080559469640418,-0.0447268142790753,0,-1.84947697574374,-1.4171016880388407,-1.1891152097339777,-0.9875479113951852,-1.440763959714756,-1.2313216002421232,0.4799199734783458
1,1,0,1,-0.4867013570227475,-1.822673328920161,1.4937620517412502,-0.1289656864741449,-1.0618098847802109,-0.3555829950036889,0.9911705877184126,-0.9538521033700724,0,-0.7185865958272676,-0.6241224254677447,0.5308899865533903,1.010302471565581,-0.5347955440099867,0.3046679892147332,-0.1289958310216364
0,1,0,1,-0.7660748573693538,-0.4594103968661684,1.3139294957180625,-1.3653654661129109,-1.8759628804380477,-0.3555829950036889,0.9911705877184126,-2.0902587152452017,0,0.9149217309700568,,,,,,
1,1,0,0,-0.9523238576004246,0.9038525351878244,1.544651141257755,-1.3653654661129109,-0.2249358223592102,-0.3555829950036889,-1.0080559469640418,-2.7721026822339105,0,-0.9698955688907304,-0.7767681339052441,-0.7591139106621356,-0.9875479113951852,-1.0524917815001018,-0.8768624641045535,1.088835777978328
0,1,0,1,0.1651701437860003,-0.4594103968661684,1.6281622445409747,-1.3653654661129109,-1.284526094362888,-0.3555829950036889,-1.0080559469640418,-0.7265707812677842,0,0.0353403241170469,,,,,,
1,1,0,0,-0.5798258571382829,0.9038525351878244,0.4136208153907556,0.4892342033452379,-0.6493354512473617,-0.3555829950036889,0.9911705877184126,-0.4992894591654961,0,-0.0903141620377204,-1.4171016880388407,-1.1891152097339777,-0.9875479113951852,-1.440763959714756,-0.1679441918294137,-0.1289958310216364
0,0,0,1,0.7239171444792128,-0.4594103968661684,1.5423146824596825,-0.1289656864741449,-0.0777505495010269,2.809907727435166,0.9911705877184126,-0.0447268142790753,1,-0.2159686489464154,,,,,,
1,0,0,0,-0.7660748573693538,0.9038525351878244,0.0681129381340053,-0.7471655762935278,-0.7893166250701545,-0.3555829950036889,0.9911705877184126,0.1825545078232127,0,-1.84947697574374,1.1429135208766823,0.1008886874815482,-0.9875479113951852,0.5005969313585155,-1.2313216002421232,-1.3468274400216007
1,0,0,0,-0.5798258571382829,0.9038525351878244,0.0789169020774104,-0.1289656864741449,-0.360092428801595,-0.3555829950036889,0.9911705877184126,-1.1811334261542046,0,1.040576217878752,-1.4171016880388407,-1.1891152097339777,-0.9875479113951852,-1.440763959714756,0.1865149443081559,1.088835777978328
0,0,0,0,-0.8591993574848892,-0.4594103968661684,1.5926234170185791,0.4892342033452379,-0.9707259121822504,-0.3555829950036889,0.9911705877184126,1.3189611196983422,0,0.7892672440613618,,,,,,
1,1,0,0,0.3514191440170712,0.9038525351878244,1.0357111657837124,-1.3653654661129109,-1.931641932833717,-0.3555829950036889,-1.0080559469640418,-1.1811334261542046,0,0.0353403241170469,-0.50963814413962,-0.3291126115902937,-0.9875479113951852,-0.5347955440099867,-0.6405563735824797,1.088835777978328
1,1,0,1,-0.3004523567916767,0.9038525351878244,2.395432843498817,-0.1289656864741449,-1.3958841991542266,-0.3555829950036889,-1.0080559469640418,-2.7721026822339105,0,1.6688486509143718,-0.6622838525771195,-0.7591139106621356,-0.9875479113951852,-1.0524917815001018,1.840657579380508,-1.3468274400216007
1,1,0,1,-0.4867013570227475,-0.4594103968661684,1.0306537859340077,-1.3653654661129109,-0.7606935560387004,-0.3555829950036889,0.9911705877184126,-2.0902587152452017,0,-2.1007859488072027,0.0925339828846016,0.1008886874815482,1.010302471565581,0.3711728720830549,-1.2313216002421232,-1.955743244521583
1,0,0,0,-0.4867013570227475,-0.4594103968661684,1.5746680239272075,0.4892342033452379,0.948181532734068,-0.3555829950036889,0.9911705877184126,1.3189611196983422,0,-1.095550055799425,0.7225913392911427,-0.7591139106621356,-0.9875479113951852,0.5005969313585155,-0.9950155097200494,1.088835777978328
1,0,0,1,-0.0210788564450704,-0.4594103968661684,1.4719956573097035,-0.1289656864741449,-0.1891086542923655,2.809907727435166,0.9911705877184126,-0.4992894591654961,1,-1.4725135157715823,0.4233182729430419,1.390892584697074,1.010302471565581,-0.0170993061315996,-0.9950155097200494,-1.955743244521583
0,1,0,1,-0.3935768569072121,-0.4594103968661684,0.9814858923725126,-1.9835653559322937,-2.154358142416394,-0.3555829950036889,-1.0080559469640418,-2.0902587152452017,0,-2.226440435715898,,,,,,
1,0,0,0,0.9101661447102836,-0.4594103968661684,2.251050439773697,1.1074340931646207,-0.3351130212021709,-0.3555829950036889,0.9911705877184126,-0.2720081363813634,0,0.5379582709978995,0.5868333458621728,1.820893883768916,1.010302471565581,0.6300209906339761,0.4228210348302294,-1.955743244521583
1,0,0,0,-0.7660748573693538,-0.4594103968661684,1.3824514288161056,-0.1289656864741449,-1.618600408736904,2.809907727435166,0.9911705877184126,-2.7721026822339105,1,1.1662307040335194,-1.4171016880388407,-1.1891152097339777,-0.9875479113951852,-1.440763959714756,1.0135862614898723,-0.7379116355216186
1,1,0,1,-0.7660748573693538,0.9038525351878244,0.4791434453917765,0.4892342033452379,-0.8449956774658238,2.809907727435166,0.9911705877184126,1.3189611196983422,1,0.6636127579065945,-1.4171016880388407,-1.1891152097339777,-0.9875479113951852,-1.440763959714756,1.3680453976274425,1.088835777978328
1,0,1,1,-0.7660748573693538,-0.4594103968661684,1.212246140920484,-0.7471655762935278,-0.8919035451588638,-0.3555829950036889,-1.0080559469640418,0.1825545078232127,0,-1.598168001926351,-1.4171016880388407,-1.1891152097339777,-0.9875479113951852,-1.440763959714756,-0.5224033279669839,-1.955743244521583
1,1,0,1,-0.6729503572538184,-0.4594103968661684,1.3632956602882818,-1.9835653559322937,-2.098679090020725,-0.3555829950036889,-1.0080559469640418,-0.7265707812677842,0,-1.7238224888350453,-1.4171016880388407,-1.1891152097339777,-0.9875479113951852,-1.440763959714756,-1.467627691473115,1.088835777978328
1,0,1,0,-0.6729503572538184,-0.4594103968661684,0.113705341588382,-1.9835653559322937,-1.8759628804380477,-0.3555829950036889,-1.0080559469640418,-1.8629773931429137,0,-2.226440435715898,-1.4171016880388407,-1.1891152097339777,-0.9875479113951852,-1.440763959714756,-0.8768624641045535,-0.7379116355216186
1,0,0,1,-0.6729503572538184,0.9038525351878244,1.0298071135034577,-1.9835653559322937,-0.8612039003626185,-0.3555829950036889,-1.0080559469640418,-0.2720081363813634,0,-2.1007859488072027,1.535027470684511,-0.7591139106621356,-0.9875479113951852,0.8888691095731699,-2.412852054270328,1.088835777978328
1,0,1,1,1.18953964505689,-0.4594103968661684,1.304492903942333,-0.1289656864741449,-0.5021501783891786,-0.3555829950036889,0.9911705877184126,1.3189611196983422,0,1.4175396778509095,0.1816182332529022,1.390892584697074,1.010302471565581,1.277141287787824,1.1317393071053687,1.088835777978328
1,1,0,1,-0.5798258571382829,0.9038525351878244,0.465355183061511,-0.7471655762935278,-1.1934421217649278,2.809907727435166,0.9911705877184126,-0.0447268142790753,1,-0.0903141620377204,-1.4171016880388407,-1.1891152097339777,-0.9875479113951852,-1.440763959714756,-0.28609723744491,1.088835777978328
0,0,0,1,-0.8591993574848892,-1.822673328920161,1.069271240504142,1.1074340931646207,0.3032316325660287,-0.3555829950036889,0.9911705877184126,0.8643984748119214,0,-1.7238224888350453,,,,,,
0,1,0,0,0.0720456436704649,-0.4594103968661684,2.178914185774653,-0.7471655762935278,-0.2679310213157522,-0.3555829950036889,0.9911705877184126,0.4098358306073453,0,0.0353403241170469,,,,,,
1,1,0,1,-0.4867013570227475,-0.4594103968661684,0.3759755573371963,-1.3653654661129109,-2.154358142416394,-0.3555829950036889,-1.0080559469640418,-0.7265707812677842,0,-1.598168001926351,-0.7386067067958693,-0.7591139106621356,-0.9875479113951852,-0.5347955440099867,-1.585780736379693,0.4799199734783458
1,0,0,0,-0.3004523567916767,0.9038525351878244,1.3372138322114049,0.4892342033452379,-0.4464711259935093,-0.3555829950036889,-1.0080559469640418,1.0916797975960542,0,-0.0903141620377204,-1.4171016880388407,-1.1891152097339777,-0.9875479113951852,-1.440763959714756,0.6591271253523029,1.088835777978328
1,0,1,1,-0.2073278566761413,0.9038525351878244,1.5512265959240823,0.4892342033452379,1.9370678365026013,2.809907727435166,0.9911705877184126,1.3189611196983422,1,-2.3520949218706653,1.6573292919838365,1.820893883768916,1.010302471565581,0.8888691095731699,-2.176545963748255,-1.955743244521583
1,0,0,0,0.2582946439015358,-1.822673328920161,1.7820987777605908,1.1074340931646207,0.4135012339424598,2.809907727435166,0.9911705877184126,-0.0447268142790753,1,-0.2159686489464154,0.379120841472498,1.390892584697074,1.010302471565581,0.7594450502977093,1.0135862614898723,1.088835777978328
1,1,0,1,0.2582946439015358,0.9038525351878244,1.359705589998263,-0.1289656864741449,0.50176104121883,-0.3555829950036889,-1.0080559469640418,-0.4992894591654961,0,-0.2159686489464154,-1.4171016880388407,-1.1891152097339777,-0.9875479113951852,-1.440763959714756,0.0683618986926597,-0.7379116355216186
1,0,0,1,-0.7660748573693538,0.9038525351878244,1.3923147125413855,0.4892342033452379,0.0892866076859808,2.809907727435166,0.9911705877184126,0.8643984748119214,1,-0.9698955688907304,-0.0686063876699216,0.1008886874815482,1.010302471565581,0.5005969313585155,0.0683618986926597,0.4799199734783458
0,0,0,1,-0.3935768569072121,-0.4594103968661684,0.9941250596012132,-0.1289656864741449,-1.8202838280423783,-0.3555829950036889,-1.0080559469640418,-2.7721026822339105,0,0.9149217309700568,,,,,,
0,0,0,0,-0.4867013570227475,0.9038525351878244,1.051475538068538,-1.3653654661129109,-2.154358142416394,-0.3555829950036889,-1.0080559469640418,-1.408414748256493,0,1.040576217878752,,,,,,
0,0,1,0,-0.6729503572538184,-0.4594103968661684,-1.7287437988163847,-1.3653654661129109,-0.8247215452724453,-0.3555829950036889,0.9911705877184126,-0.7265707812677842,0,-1.975131461898508,,,,,,
0,0,0,1,0.4445436441326066,0.9038525351878244,2.6928187982062664,-0.1289656864741449,-1.5418885660640316,-0.3555829950036889,0.9911705877184126,-2.7721026822339105,0,-2.1007859488072027,,,,,,
1,0,0,1,-0.4867013570227475,-0.4594103968661684,1.0596239488519226,-0.7471655762935278,-1.3604792789519358,-0.3555829950036889,0.9911705877184126,-0.0447268142790753,0,-1.598168001926351,-0.6622838525771195,-0.7591139106621356,-0.9875479113951852,-0.6642196032854475,-0.7587094191979756,-0.7379116355216186
0,1,0,1,0.537668144248142,0.9038525351878244,1.349861639179429,1.1074340931646207,0.2002224646127659,-0.3555829950036889,0.9911705877184126,-0.0447268142790753,0,-1.346859028862888,,,,,,
1,1,0,1,-0.4867013570227475,0.9038525351878244,0.604804500833027,0.4892342033452379,-0.2325261011134614,2.809907727435166,0.9911705877184126,0.4098358306073453,1,0.0353403241170469,0.4869096501279014,0.5308899865533903,-0.9875479113951852,0.8888691095731699,-0.4042502830604059,0.4799199734783458
1,0,0,0,-0.3004523567916767,-1.822673328920161,0.9042210285928506,0.4892342033452379,0.3589106849616981,-0.3555829950036889,0.9911705877184126,0.6371171527096334,0,-2.1007859488072027,1.1654046313708728,1.820893883768916,1.010302471565581,0.8888691095731699,-2.412852054270328,-1.3468274400216007
1,1,0,0,0.3514191440170712,0.9038525351878244,2.44362339354556,-1.3653654661129109,0.2342135397079037,-0.3555829950036889,-1.0080559469640418,-1.1811334261542046,0,-0.3416231358551105,0.6589823082720125,0.5308899865533903,1.010302471565581,0.2417488124193217,-0.0497911469228365,-0.1289958310216364
1,1,0,1,-0.7660748573693538,-0.4594103968661684,0.6378134613659264,-1.3653654661129109,-1.11748893717588,-0.3555829950036889,-1.0080559469640418,-0.4992894591654961,0,-0.9698955688907304,-0.068042250453235,-0.7591139106621356,-0.9875479113951852,-0.7936436625609083,0.1865149443081559,-1.3468274400216007
0,1,0,1,-0.3935768569072121,-0.4594103968661684,2.0571495313497388,-1.9835653559322937,-1.7646047756467091,-0.3555829950036889,-1.0080559469640418,-0.7265707812677842,0,-1.346859028862888,,,,,,
1,1,0,1,-0.3004523567916767,0.9038525351878244,2.3587076791857493,-0.1289656864741449,-0.4906472308984295,-0.3555829950036889,0.9911705877184126,-0.7265707812677842,0,-0.3416231358551105,0.3469954187242922,-0.7591139106621356,-0.9875479113951852,-0.0170993061315996,-0.7587094191979756,-0.7379116355216186
0,0,0,1,-0.4867013570227475,-0.4594103968661684,0.306350405716405,0.4892342033452379,0.5126088016862501,-0.3555829950036889,0.9911705877184126,0.8643984748119214,0,-0.3416231358551105,,,,,,
0,1,0,1,-0.4867013570227475,-0.4594103968661684,0.6285493693426801,-1.9835653559322937,-0.1008938641287445,-0.3555829950036889,-1.0080559469640418,-1.1811334261542046,0,-0.592932108918573,,,,,,
1,0,0,0,-0.2073278566761413,0.9038525351878244,0.1751467633358142,1.1074340931646207,-1.2491211741605972,-0.3555829950036889,0.9911705877184126,1.3189611196983422,0,1.4175396778509095,-1.4171016880388407,-1.1891152097339777,-0.9875479113951852,-1.440763959714756,0.5409740804457256,-0.1289958310216364
1,1,0,1,0.2582946439015358,0.9038525351878244,2.127865615471994,-0.7471655762935278,0.9058865379136032,-0.3555829950036889,-1.0080559469640418,0.6371171527096334,0,0.7892672440613618,0.0798654289586679,-0.7591139106621356,1.010302471565581,-0.5347955440099867,0.3046679892147332,-0.1289958310216364
1,1,0,0,-0.9523238576004246,0.9038525351878244,0.369103803128375,-0.7471655762935278,0.7822328789619676,-0.3555829950036889,0.9911705877184126,0.4098358306073453,0,-0.592932108918573,-0.0304449605605467,0.1008886874815482,-0.9875479113951852,0.5005969313585155,-0.9950155097200494,1.088835777978328
0,1,0,1,-0.3004523567916767,-1.822673328920161,2.9514620500143223,1.1074340931646207,1.1163071933359832,-0.3555829950036889,-1.0080559469640418,-0.2720081363813634,0,-0.4672776220098779,,,,,,
0,0,1,0,-0.6729503572538184,0.9038525351878244,0.4830306786103451,0.4892342033452379,-0.8362244927631944,2.809907727435166,0.9911705877184126,-0.7265707812677842,1,1.040576217878752,,,,,,
1,0,0,1,0.2582946439015358,-0.4594103968661684,1.199918118111154,-1.3653654661129109,-1.5975676184597012,-0.3555829950036889,0.9911705877184126,-1.1811334261542046,0,-0.3416231358551105,-1.4171016880388407,-1.1891152097339777,-0.9875479113951852,-1.440763959714756,0.1865149443081559,0.4799199734783458
0,1,0,0,0.2582946439015358,-1.822673328920161,0.9658060617157576,1.1074340931646207,1.2399608522876189,-0.3555829950036889,0.9911705877184126,1.0916797975960542,0,0.9149217309700568,,,,,,
1,0,0,0,-0.2073278566761413,-1.822673328920161,1.2173688622453718,-1.3653654661129109,0.2790448316361528,-0.3555829950036889,0.9911705877184126,0.6371171527096334,0,-0.3416231358551105,-1.4171016880388407,-1.1891152097339777,-0.9875479113951852,-1.440763959714756,0.3046679892147332,-1.3468274400216007
0,1,0,0,1.0964151449413546,-1.822673328920161,1.7242784378658111,-0.1289656864741449,-1.0618098847802109,-0.3555829950036889,-1.0080559469640418,-1.408414748256493,0,0.9149217309700568,,,,,,
0,1,0,1,-0.7660748573693538,-1.822673328920161,1.2249792466447058,-1.3653654661129109,-0.1565729165244138,2.809907727435166,0.9911705877184126,0.4098358306073453,1,-0.9698955688907304,,,,,,
0,0,0,1,-0.0210788564450704,-1.822673328920161,1.2442431024734242,0.4892342033452379,0.6373059469400445,-0.3555829950036889,-1.0080559469640418,-0.0447268142790753,0,1.4175396778509095,,,,,,
0,0,0,1,-0.7660748573693538,-0.4594103968661684,1.4706926774429792,-0.7471655762935278,-1.8759628804380477,-0.3555829950036889,0.9911705877184126,-2.0902587152452017,0,-1.598168001926351,,,,,,
0,0,0,1,-0.6729503572538184,-0.4594103968661684,0.8442019218002467,-1.3653654661129109,-1.931641932833717,-0.3555829950036889,-1.0080559469640418,-1.408414748256493,0,-1.095550055799425,,,,,,
1,0,0,1,-0.3004523567916767,-0.4594103968661684,0.824848132672136,-1.9835653559322937,-0.0635865718237179,-0.3555829950036889,0.9911705877184126,1.3189611196983422,0,-2.8547128687515175,-1.4171016880388407,-1.1891152097339777,-0.9875479113951852,-1.440763959714756,-0.9950155097200494,0.4799199734783458
0,1,0,0,-0.2073278566761413,0.9038525351878244,0.9985810963214252,1.1074340931646207,-0.8362244927631944,-0.3555829950036889,-1.0080559469640418,1.0916797975960542,0,0.286649297934437,,,,,,
1,1,0,0,-0.1142033565606058,0.9038525351878244,1.0563766315476195,0.4892342033452379,-0.030842681807987,-0.3555829950036889,-1.0080559469640418,-0.2720081363813634,0,0.4123037840892044,-1.4171016880388407,-1.1891152097339777,-0.9875479113951852,-1.440763959714756,0.1865149443081559,1.088835777978328
1,1,0,1,-0.5798258571382829,-0.4594103968661684,2.23674858703086,-0.1289656864741449,-0.6720565180105257,-0.3555829950036889,-1.0080559469640418,-0.7265707812677842,0,-2.226440435715898,-0.3611663275110305,-0.7591139106621356,-0.9875479113951852,-0.1465233657953324,-1.9402398725172625,-1.3468274400216007
1,0,1,0,-0.6729503572538184,0.9038525351878244,0.8886714231294713,1.1074340931646207,1.553002376384432,2.809907727435166,0.9911705877184126,1.3189611196983422,1,0.6636127579065945,1.0551571649596148,0.9608912856252324,1.010302471565581,1.277141287787824,0.7772801709677991,-1.3468274400216007
1,0,0,1,0.7239171444792128,-0.4594103968661684,0.4306205371719335,0.4892342033452379,-1.8202838280423783,-0.3555829950036889,-1.0080559469640418,-2.0902587152452017,0,0.4123037840892044,-0.7004452796864945,-0.7591139106621356,1.010302471565581,-0.6642196032854475,0.7772801709677991,-0.7379116355216186
1,0,1,1,-0.4867013570227475,0.9038525351878244,1.052294915410522,-1.3653654661129109,-0.950451779988872,-0.3555829950036889,0.9911705877184126,-0.4992894591654961,0,-1.598168001926351,-1.4171016880388407,-1.1891152097339777,-0.9875479113951852,-1.440763959714756,-1.3494746458576192,-0.7379116355216186
0,0,0,0,-0.7660748573693538,0.9038525351878244,0.3238402515054402,-1.3653654661129109,-2.098679090020725,-0.3555829950036889,-1.0080559469640418,-2.3175400373474897,0,0.160994811025742,,,,,,
1,0,1,1,0.1651701437860003,0.9038525351878244,-0.2767568434867845,-0.1289656864741449,0.7353250112689274,-0.3555829950036889,-1.0080559469640418,-0.9538521033700724,0,1.4175396778509095,-0.3993277546204053,-0.7591139106621356,1.010302471565581,-0.6642196032854475,1.4861984432429385,1.088835777978328
1,0,0,1,-0.6729503572538184,0.9038525351878244,2.122861155255473,-0.7471655762935278,0.6274912759352568,-0.3555829950036889,0.9911705877184126,1.3189611196983422,0,-2.7290583818428225,1.0551571649596148,-0.7591139106621356,-0.9875479113951852,1.277141287787824,-2.0583929181327587,0.4799199734783458
1,0,0,0,-0.6729503572538184,0.9038525351878244,1.3078388743395482,0.4892342033452379,0.3224283298715246,-0.3555829950036889,0.9911705877184126,-0.7265707812677842,0,-0.8442410819820356,-0.128023873045871,0.1008886874815482,1.010302471565581,0.7594450502977093,-0.1679441918294137,0.4799199734783458
1,0,1,1,-0.7660748573693538,-0.4594103968661684,1.1621847769449771,-1.9835653559322937,-1.0589407023458717,-0.3555829950036889,-1.0080559469640418,0.1825545078232127,0,-2.6034038956880554,-1.4171016880388407,-1.1891152097339777,-0.9875479113951852,-1.440763959714756,-2.176545963748255,-1.955743244521583
1,1,0,0,-0.2073278566761413,0.9038525351878244,1.764218892803523,0.4892342033452379,-0.1123968116194935,-0.3555829950036889,0.9911705877184126,1.0916797975960542,0,0.9149217309700568,-0.2043467272646209,0.5308899865533903,1.010302471565581,0.5005969313585155,1.1317393071053687,-0.7379116355216186
0,0,0,0,-0.3935768569072121,0.9038525351878244,1.765889760297086,-0.1289656864741449,0.1449656600816501,-0.3555829950036889,-1.0080559469640418,-0.0447268142790753,0,0.0353403241170469,,,,,,
1,1,0,1,-0.3004523567916767,0.9038525351878244,0.0307681018502718,-0.7471655762935278,-0.4552423106961386,-0.3555829950036889,0.9911705877184126,1.0916797975960542,0,0.5379582709978995,0.3342639416904018,-0.3291126115902937,-0.9875479113951852,0.5005969313585155,0.6591271253523029,-0.7379116355216186
1,0,0,1,0.6307926443636774,0.9038525351878244,2.249179162555833,-1.3653654661129109,1.1401056949870292,-0.3555829950036889,0.9911705877184126,-0.0447268142790753,0,0.160994811025742,1.0703681612491034,0.1008886874815482,1.010302471565581,0.8888691095731699,-0.1679441918294137,0.4799199734783458
1,1,0,1,0.3514191440170712,0.9038525351878244,1.2454668579002703,-1.3653654661129109,-2.098679090020725,-0.3555829950036889,-1.0080559469640418,-0.9538521033700724,0,-1.84947697574374,-0.13823376921595,0.9608912856252324,-0.9875479113951852,-1.0524917815001018,1.840657579380508,-0.1289958310216364
1,1,0,1,-0.3935768569072121,0.9038525351878244,0.8351648203921753,0.4892342033452379,-0.8919035451588638,-0.3555829950036889,0.9911705877184126,0.8643984748119214,0,-2.1007859488072027,0.0144119392215494,0.1008886874815482,1.010302471565581,0.5005969313585155,-2.294699008654832,0.4799199734783458
0,0,0,1,-0.6729503572538184,-0.4594103968661684,1.500445575125907,-0.7471655762935278,-1.0618098847802109,-0.3555829950036889,0.9911705877184126,-2.3175400373474897,0,-0.7185865958272676,,,,,,
0,1,0,1,-0.4867013570227475,-0.4594103968661684,1.759742481162147,-1.3653654661129109,-0.9475825975545332,-0.3555829950036889,-1.0080559469640418,0.4098358306073453,0,-1.346859028862888,,,,,,
1,1,0,0,0.3514191440170712,-0.4594103968661684,1.0935604713990417,1.1074340931646207,-0.1680758640151628,-0.3555829950036889,0.9911705877184126,-0.4992894591654961,0,-1.095550055799425,0.9558838799209785,1.390892584697074,1.010302471565581,1.0182931688486303,-2.176545963748255,-1.955743244521583
0,1,0,1,2.307033646443315,-1.822673328920161,1.0539306284774657,-0.1289656864741449,-1.5418885660640316,-0.3555829950036889,-1.0080559469640418,-1.8629773931429137,0,-0.0903141620377204,,,,,,
0,0,0,1,-0.3935768569072121,0.9038525351878244,-0.0912536392429394,-1.3653654661129109,-0.0022196127765331,-0.3555829950036889,-1.0080559469640418,0.8643984748119214,0,0.0353403241170469,,,,,,
1,0,0,0,0.0720456436704649,0.9038525351878244,0.6922393701754038,-0.1289656864741449,-0.0777505495010269,-0.3555829950036889,-1.0080559469640418,-1.1811334261542046,0,-0.2159686489464154,-0.0898624459364962,0.5308899865533903,-0.9875479113951852,-0.7936436625609083,0.0683618986926597,-0.1289958310216364
0,0,0,0,-0.2073278566761413,-0.4594103968661684,0.502131075925128,-0.7471655762935278,-0.4349681785027604,-0.3555829950036889,-1.0080559469640418,-0.0447268142790753,0,-1.346859028862888,,,,,,
0,0,1,0,-0.7660748573693538,-1.822673328920161,0.6822805289715903,-1.3653654661129109,-2.098679090020725,-0.3555829950036889,0.9911705877184126,-2.7721026822339105,0,0.9149217309700568,,,,,,
0,1,0,0,-0.2073278566761413,-1.822673328920161,-0.0912536392429394,-0.1289656864741449,-1.4305304612726932,-0.3555829950036889,-1.0080559469640418,-0.0447268142790753,0,0.286649297934437,,,,,,
1,0,0,1,-0.7660748573693538,0.9038525351878244,1.3683907336520895,-0.7471655762935278,-1.2288470419672186,-0.3555829950036889,-1.0080559469640418,-1.8629773931429137,0,0.4123037840892044,-0.0940363377454061,-0.7591139106621356,1.010302471565581,-0.1465233657953324,0.0683618986926597,1.088835777978328
0,0,0,0,-0.5798258571382829,-1.822673328920161,-0.3755715615511873,-0.7471655762935278,-1.6532466708553704,-0.3555829950036889,-1.0080559469640418,-0.9538521033700724,0,0.160994811025742,,,,,,
0,0,0,1,-0.6729503572538184,0.9038525351878244,1.131674159126859,0.4892342033452379,0.0188131775006698,2.809907727435166,0.9911705877184126,1.3189611196983422,1,0.7892672440613618,,,,,,
0,0,0,1,-0.5798258571382829,-1.822673328920161,1.6961409854897684,-1.9835653559322937,-2.098679090020725,-0.3555829950036889,-1.0080559469640418,-2.0902587152452017,0,0.7892672440613618,,,,,,
1,0,0,1,0.2582946439015358,0.9038525351878244,0.0681129381340053,0.4892342033452379,0.7146175626839703,-0.3555829950036889,-1.0080559469640418,0.6371171527096334,0,-1.221204541954193,0.3596639726502258,-0.3291126115902937,1.010302471565581,0.8888691095731699,-0.5224033279669839,-0.1289958310216364
1,0,0,1,-0.7660748573693538,0.9038525351878244,1.1169884938331351,-0.7471655762935278,0.8935909837533058,-0.3555829950036889,-1.0080559469640418,-0.7265707812677842,0,0.5379582709978995,0.2070182642127263,0.5308899865533903,-0.9875479113951852,0.5005969313585155,0.5409740804457256,1.088835777978328
1,0,0,1,-0.7660748573693538,-1.822673328920161,0.1402748596325443,-1.9835653559322937,-0.8055248479669495,-0.3555829950036889,0.9911705877184126,-0.4992894591654961,0,0.6636127579065945,-1.4171016880388407,-1.1891152097339777,-0.9875479113951852,-1.440763959714756,1.3680453976274425,1.088835777978328
1,0,1,0,-0.2073278566761413,0.9038525351878244,1.3232332283652006,0.4892342033452379,-0.3907920735978399,2.809907727435166,0.9911705877184126,0.6371171527096334,1,-0.8442410819820356,-1.4171016880388407,-1.1891152097339777,-0.9875479113951852,-1.440763959714756,0.1865149443081559,-0.7379116355216186
1,0,0,1,-0.5798258571382829,-0.4594103968661684,0.9143878097649466,-1.9835653559322937,-0.9006747298614931,-0.3555829950036889,-1.0080559469640418,-0.2720081363813634,0,-1.4725135157715823,-0.7767681339052441,-0.7591139106621356,-0.9875479113951852,-1.0524917815001018,0.6591271253523029,1.088835777978328
0,0,0,0,-0.4867013570227475,0.9038525351878244,1.317776320877503,0.4892342033452379,1.7143516269199244,-0.3555829950036889,0.9911705877184126,-1.1811334261542046,0,0.7892672440613618,,,,,,
1,0,0,1,-0.8591993574848892,-0.4594103968661684,0.2053267906371677,-0.1289656864741449,-0.6222794678831466,-0.3555829950036889,0.9911705877184126,-0.0447268142790753,0,-0.7185865958272676,-0.1830906689980463,-0.3291126115902937,1.010302471565581,-0.2759474250707932,-0.0497911469228365,-0.1289958310216364
1,0,0,1,-0.5798258571382829,-0.4594103968661684,1.0423946891683693,1.1074340931646207,0.9173894854043524,-0.3555829950036889,0.9911705877184126,1.0916797975960542,0,-0.0903141620377204,-0.170359191964156,0.1008886874815482,1.010302471565581,0.7594450502977093,0.1865149443081559,1.088835777978328
0,1,0,1,-0.2073278566761413,0.9038525351878244,2.303626521671753,-1.3653654661129109,-1.0618098847802109,-0.3555829950036889,-1.0080559469640418,-0.7265707812677842,0,-2.1007859488072027,,,,,,
0,0,0,0,-0.5798258571382829,0.9038525351878244,0.3736929031102042,1.1074340931646207,-0.510921363091808,-0.3555829950036889,0.9911705877184126,1.0916797975960542,0,-1.221204541954193,,,,,,
1,0,0,0,-0.2073278566761413,0.9038525351878244,1.3779644635015944,-1.9835653559322937,-1.8759628804380477,-0.3555829950036889,-1.0080559469640418,-0.7265707812677842,0,-0.592932108918573,-1.4171016880388407,-1.1891152097339777,-0.9875479113951852,-1.440763959714756,0.5409740804457256,1.088835777978328
1,0,1,0,-0.1142033565606058,0.9038525351878244,0.6978634700084951,0.4892342033452379,1.825709731711263,2.809907727435166,0.9911705877184126,1.3189611196983422,1,-0.9698955688907304,1.1805108107693707,1.820893883768916,1.010302471565581,1.277141287787824,-0.9950155097200494,1.088835777978328
0,0,0,0,-0.4867013570227475,-0.4594103968661684,-0.7471600094892847,-0.7471655762935278,-0.3561458114793734,-0.3555829950036889,0.9911705877184126,-0.0447268142790753,0,-0.9698955688907304,,,,,,
1,0,0,0,-0.0210788564450704,-0.4594103968661684,1.6961409854897684,-0.1289656864741449,-0.7248663879718559,-0.3555829950036889,0.9911705877184126,0.6371171527096334,0,-1.095550055799425,-0.7767681339052441,-0.7591139106621356,-0.9875479113951852,0.1123247531438611,-0.6405563735824797,0.4799199734783458
1,0,1,1,-0.8591993574848892,-1.822673328920161,1.1352951421135218,-0.7471655762935278,-1.5975676184597012,-0.3555829950036889,-1.0080559469640418,-0.4992894591654961,0,0.5379582709978995,-1.4171016880388407,-1.1891152097339777,-0.9875479113951852,-1.440763959714756,-0.28609723744491,1.088835777978328
0,0,1,0,-0.8591993574848892,-1.822673328920161,-0.4918049934469342,0.4892342033452379,-1.5275164361389435,-0.3555829950036889,0.9911705877184126,-0.7265707812677842,0,0.160994811025742,,,,,,
0,1,0,1,-0.5798258571382829,-0.4594103968661684,2.055177712401838,-0.1289656864741449,-1.11748893717588,-0.3555829950036889,-1.0080559469640418,-0.4992894591654961,0,-0.592932108918573,,,,,,
0,0,0,0,-0.1142033565606058,-1.822673328920161,2.549637669522502,-0.7471655762935278,-0.8449956774658238,-0.3555829950036889,-1.0080559469640418,-1.408414748256493,0,0.160994811025742,,,,,,
0,0,0,0,-0.8591993574848892,0.9038525351878244,-0.046586117313428,-0.7471655762935278,-0.7133634404811068,-0.3555829950036889,0.9911705877184126,-0.2720081363813634,0,-0.0903141620377204,,,,,,
1,0,0,1,-0.7660748573693538,-0.4594103968661684,1.5253238553845956,-1.3653654661129109,0.2475525801703596,-0.3555829950036889,-1.0080559469640418,0.4098358306073453,0,-0.3416231358551105,-1.4171016880388407,-1.1891152097339777,-0.9875479113951852,-1.440763959714756,0.1865149443081559,0.4799199734783458
1,1,0,1,-0.4867013570227475,-1.822673328920161,1.6830301326022437,-0.7471655762935278,-1.451563251549896,-0.3555829950036889,-1.0080559469640418,-2.0902587152452017,0,-1.221204541954193,-1.4171016880388407,-1.1891152097339777,-0.9875479113951852,-1.440763959714756,0.4228210348302294,0.4799199734783458
1,0,1,1,-0.3935768569072121,0.9038525351878244,1.8957621721277016,-0.7471655762935278,-0.7336375726744851,-0.3555829950036889,0.9911705877184126,1.3189611196983422,0,0.160994811025742,-0.1000723421065751,0.5308899865533903,-0.9875479113951852,0.8888691095731699,0.1865149443081559,-0.7379116355216186
1,0,1,0,-0.7660748573693538,0.9038525351878244,-0.1391606781342861,1.1074340931646207,-0.7248663879718559,-0.3555829950036889,0.9911705877184126,1.3189611196983422,0,-0.7185865958272676,-1.4171016880388407,-1.1891152097339777,-0.9875479113951852,-1.440763959714756,-0.7587094191979756,1.088835777978328
0,1,0,0,-0.7660748573693538,0.9038525351878244,1.9162354093740208,-1.9835653559322937,-2.154358142416394,-0.3555829950036889,-1.0080559469640418,-2.7721026822339105,0,-0.3416231358551105,,,,,,
0,0,0,0,-0.6729503572538184,0.9038525351878244,-1.1688258672354452,-0.7471655762935278,-1.0618098847802109,-0.3555829950036889,-1.0080559469640418,-0.4992894591654961,0,-0.592932108918573,,,,,,
0,0,0,1,-0.6729503572538184,-0.4594103968661684,0.9923341974166976,-1.3653654661129109,-1.931641932833717,-0.3555829950036889,-1.0080559469640418,-1.408414748256493,0,-1.84947697574374,,,,,,
1,0,0,1,0.0720456436704649,-0.4594103968661684,0.9564057930836644,-0.7471655762935278,-0.5463262832940989,-0.3555829950036889,0.9911705877184126,0.8643984748119214,0,-1.4725135157715823,-0.6622838525771195,0.1008886874815482,1.010302471565581,0.3711728720830549,-1.3494746458576192,-1.955743244521583
0,1,0,0,0.0720456436704649,-0.4594103968661684,0.0965400195703658,0.4892342033452379,0.4377330519850849,-0.3555829950036889,-1.0080559469640418,-0.7265707812677842,0,0.7892672440613618,,,,,,
0,0,0,1,1.0964151449413546,-0.4594103968661684,1.842486783957607,-1.3653654661129109,1.215729034244994,-0.3555829950036889,0.9911705877184126,-0.2720081363813634,0,-0.9698955688907304,,,,,,
1,0,0,1,-0.4867013570227475,-0.4594103968661684,-0.2646312236195357,-1.3653654661129109,-1.451563251549896,-0.3555829950036889,-1.0080559469640418,-1.1811334261542046,0,-0.2159686489464154,0.041704001849293,-0.3291126115902937,-0.9875479113951852,-0.0170993061315996,-0.28609723744491,-0.7379116355216186
1,0,0,0,2.6795316469054566,-1.822673328920161,2.1150367590613923,0.4892342033452379,0.0892866076859808,-0.3555829950036889,-1.0080559469640418,-0.7265707812677842,0,-0.3416231358551105,0.0586093706920933,-0.3291126115902937,-0.9875479113951852,0.1123247531438611,-0.0497911469228365,-1.3468274400216007
0,0,0,1,-0.6729503572538184,0.9038525351878244,1.0716612168584017,-0.7471655762935278,-0.379289126107091,-0.3555829950036889,0.9911705877184126,-0.7265707812677842,0,0.160994811025742,,,,,,
1,0,0,1,-0.6729503572538184,0.9038525351878244,0.193419662338002,-0.7471655762935278,1.385965219197424,-0.3555829950036889,0.9911705877184126,1.3189611196983422,0,-0.8442410819820356,1.8166704730940575,1.390892584697074,1.010302471565581,1.277141287787824,-0.6405563735824797,-0.1289958310216364
0,0,0,0,-0.2073278566761413,0.9038525351878244,0.5170235989622449,0.4892342033452379,1.017244642704942,2.809907727435166,-1.0080559469640418,1.0916797975960542,1,-1.84947697574374,,,,,,
0,1,0,0,0.8170416445947483,-1.822673328920161,0.995018673992486,0.4892342033452379,-0.3008890069482577,-0.3555829950036889,-1.0080559469640418,-2.7721026822339105,0,-0.592932108918573,,,,,,
1,1,0,1,-0.7660748573693538,0.9038525351878244,1.0264095340826975,-0.1289656864741449,1.19512956035937,2.809907727435166,0.9911705877184126,1.3189611196983422,1,-0.592932108918573,1.7747524128932552,1.820893883768916,1.010302471565581,1.277141287787824,-0.0497911469228365,-0.7379116355216186
1,1,0,1,-0.3935768569072121,0.9038525351878244,1.7885801806778696,-0.7471655762935278,1.6029935221285858,-0.3555829950036889,0.9911705877184126,1.3189611196983422,0,-1.7238224888350453,1.2187770547697363,0.1008886874815482,1.010302471565581,1.0182931688486303,-1.3494746458576192,-0.7379116355216186
1,0,0,0,2.6795316469054566,0.9038525351878244,2.49779011743969,1.1074340931646207,1.215729034244994,2.809907727435166,0.9911705877184126,1.3189611196983422,1,-0.4672776220098779,1.432534621136497,1.820893883768916,1.010302471565581,1.277141287787824,-0.9950155097200494,1.088835777978328
1,1,0,1,-0.3935768569072121,-1.822673328920161,0.7605924757024596,-0.7471655762935278,-1.638874540930282,-0.3555829950036889,-1.0080559469640418,-0.4992894591654961,0,-0.8442410819820356,0.2646365601443733,-0.7591139106621356,-0.9875479113951852,-0.9230677222246412,0.7772801709677991,0.4799199734783458
1,0,0,0,1.4689131454034965,-1.822673328920161,1.60975166075118,-1.3653654661129109,0.0336075552903117,-0.3555829950036889,-1.0080559469640418,-0.0447268142790753,0,-1.221204541954193,-1.4171016880388407,-1.1891152097339777,-0.9875479113951852,-1.440763959714756,-0.1679441918294137,1.088835777978328
0,0,0,1,-0.0210788564450704,-0.4594103968661684,0.9869323056884286,-0.7471655762935278,-1.7646047756467091,-0.3555829950036889,-1.0080559469640418,0.6371171527096334,0,0.5379582709978995,,,,,,
0,1,0,1,-0.0210788564450704,-0.4594103968661684,2.285253389637002,-0.7471655762935278,0.2006447124773195,-0.3555829950036889,0.9911705877184126,0.8643984748119214,0,-0.0903141620377204,,,,,,
1,1,0,0,0.6307926443636774,0.9038525351878244,2.0749845756280356,-0.7471655762935278,0.4377330519850849,2.809907727435166,0.9911705877184126,0.6371171527096334,1,-1.4725135157715823,0.2815419289871738,0.1008886874815482,1.010302471565581,0.3711728720830549,-0.9950155097200494,0.4799199734783458
1,0,1,1,-0.4867013570227475,0.9038525351878244,1.4801887326277463,0.4892342033452379,-0.4906472308984295,-0.3555829950036889,-1.0080559469640418,0.1825545078232127,0,-2.3520949218706653,0.9151800104480492,1.820893883768916,-0.9875479113951852,0.6300209906339761,-1.467627691473115,-1.3468274400216007
0,0,1,0,-0.2073278566761413,-0.4594103968661684,0.8060999889593214,-1.3653654661129109,-1.5072423039455651,-0.3555829950036889,0.9911705877184126,-0.9538521033700724,0,0.0353403241170469,,,,,,
1,1,0,1,0.2582946439015358,-0.4594103968661684,1.469822594708137,1.1074340931646207,0.2559015170084353,-0.3555829950036889,0.9911705877184126,0.6371171527096334,0,-0.0903141620377204,1.127243204261498,1.820893883768916,1.010302471565581,0.8888691095731699,-0.1679441918294137,-1.955743244521583
1,1,0,0,1.18953964505689,0.9038525351878244,2.1475128645644688,0.4892342033452379,-0.1008938641287445,-0.3555829950036889,-1.0080559469640418,0.1825545078232127,0,0.160994811025742,-0.2043467272646209,0.5308899865533903,1.010302471565581,0.3711728720830549,0.0683618986926597,-1.3468274400216007
1,0,0,0,1.5620376455190317,-0.4594103968661684,2.3607458746585475,-0.1289656864741449,1.0049490885446446,-0.3555829950036889,-1.0080559469640418,0.6371171527096334,0,0.9149217309700568,0.6522868355992913,0.5308899865533903,1.010302471565581,0.5005969313585155,1.0135862614898723,0.4799199734783458
0,1,0,1,-0.6729503572538184,-1.822673328920161,1.9570402054361873,-0.7471655762935278,-1.7089257232510395,-0.3555829950036889,-1.0080559469640418,-0.7265707812677842,0,0.7892672440613618,,,,,,
1,1,0,0,-0.1142033565606058,-1.822673328920161,1.183338529420048,0.4892342033452379,0.5259478421487062,-0.3555829950036889,-1.0080559469640418,0.1825545078232127,0,1.1662307040335194,0.6098885935730498,1.390892584697074,-0.9875479113951852,0.8888691095731699,0.5409740804457256,-0.7379116355216186
1,0,0,1,-0.3935768569072121,0.9038525351878244,1.9501314412657165,-1.3653654661129109,-1.1731679895715494,-0.3555829950036889,-1.0080559469640418,-1.408414748256493,0,-1.346859028862888,-1.4171016880388407,-1.1891152097339777,-0.9875479113951852,-1.440763959714756,-0.8768624641045535,1.088835777978328
1,1,0,0,1.3757886452879609,0.9038525351878244,1.7541039849946145,1.1074340931646207,1.017244642704942,2.809907727435166,-1.0080559469640418,-0.0447268142790753,1,0.160994811025742,1.515552948027968,0.5308899865533903,1.010302471565581,0.3711728720830549,-0.1679441918294137,-1.3468274400216007
1,1,0,0,0.6307926443636774,-0.4594103968661684,1.2863558412027123,0.4892342033452379,-1.284526094362888,-0.3555829950036889,0.9911705877184126,-2.3175400373474897,0,0.6636127579065945,0.3918523185063884,-0.3291126115902937,1.010302471565581,0.5005969313585155,0.4228210348302294,1.088835777978328
1,0,0,1,-0.3004523567916767,-0.4594103968661684,-0.0552813446291682,-0.1289656864741449,-0.7805454403675253,-0.3555829950036889,-1.0080559469640418,-0.0447268142790753,0,-1.7238224888350453,-1.4171016880388407,-1.1891152097339777,-0.9875479113951852,-1.440763959714756,-0.5224033279669839,-1.955743244521583
0,1,0,0,-0.8591993574848892,0.9038525351878244,0.5901369451223909,0.4892342033452379,1.3427618679931026,-0.3555829950036889,0.9911705877184126,-0.4992894591654961,0,1.5431941640056768,,,,,,
1,0,1,1,-0.7660748573693538,0.9038525351878244,1.7108130644075052,-0.1289656864741449,1.087509920642474,-0.3555829950036889,0.9911705877184126,1.3189611196983422,0,-2.1007859488072027,-1.4171016880388407,-1.1891152097339777,-0.9875479113951852,-1.440763959714756,-2.0583929181327587,0.4799199734783458
1,1,0,0,-0.2073278566761413,-0.4594103968661684,0.8475592249147074,0.4892342033452379,-1.1521351992943467,-0.3555829950036889,-1.0080559469640418,-0.4992894591654961,0,1.1662307040335194,0.9218754831207704,0.5308899865533903,-0.9875479113951852,0.7594450502977093,1.4861984432429385,1.088835777978328
1,1,0,0,-0.6729503572538184,-0.4594103968661684,1.5962285964002754,0.4892342033452379,-0.6902201258533893,-0.3555829950036889,0.9911705877184126,0.6371171527096334,0,-1.221204541954193,0.1943497102867926,0.9608912856252324,1.010302471565581,0.8888691095731699,0.8954332165832953,1.088835777978328
1,1,0,0,1.841411145865638,-0.4594103968661684,2.07550703796252,1.1074340931646207,0.1445434122170965,-0.3555829950036889,-1.0080559469640418,-1.408414748256493,0,-0.2159686489464154,0.2154289709385029,0.9608912856252324,-0.9875479113951852,1.1477172285123636,1.722504533765012,-0.7379116355216186
1,1,0,0,0.537668144248142,-1.822673328920161,-0.1542372501188804,-0.7471655762935278,-0.2447877066880349,2.809907727435166,0.9911705877184126,-0.0447268142790753,1,-0.592932108918573,0.7117043209752408,1.820893883768916,1.010302471565581,0.7594450502977093,-0.6405563735824797,1.088835777978328
1,1,0,0,-0.9523238576004246,-1.822673328920161,1.5607790568748912,-0.7471655762935278,-1.5418885660640316,-0.3555829950036889,-1.0080559469640418,-1.408414748256493,0,-0.2159686489464154,-1.4171016880388407,-1.1891152097339777,-0.9875479113951852,-1.440763959714756,-0.28609723744491,0.4799199734783458
1,1,0,1,-0.9523238576004246,-1.822673328920161,-0.4750742835732558,-1.3653654661129109,-1.931641932833717,-0.3555829950036889,-1.0080559469640418,-1.408414748256493,0,0.6636127579065945,-0.6622838525771195,-0.7591139106621356,-0.9875479113951852,0.1123247531438611,1.249892352720865,0.4799199734783458
1,1,0,0,0.1651701437860003,-0.4594103968661684,2.217793367119685,0.4892342033452379,0.50176104121883,-0.3555829950036889,0.9911705877184126,-0.4992894591654961,0,-0.2159686489464154,1.2078028733971145,0.9608912856252324,-0.9875479113951852,1.0182931688486303,0.8954332165832953,-0.7379116355216186
1,1,0,1,-0.8591993574848892,0.9038525351878244,0.3213698645475436,0.4892342033452379,0.0892866076859808,-0.3555829950036889,0.9911705877184126,0.1825545078232127,0,-0.3416231358551105,0.5250710772372763,0.1008886874815482,-0.9875479113951852,0.6300209906339761,0.1865149443081559,0.4799199734783458
1,1,0,0,-0.0210788564450704,-1.822673328920161,0.631651852701608,0.4892342033452379,-0.3561458114793734,-0.3555829950036889,0.9911705877184126,0.6371171527096334,0,-0.2159686489464154,-0.7004452796864945,-0.3291126115902937,-0.9875479113951852,0.1123247531438611,0.8954332165832953,-0.1289958310216364
1,0,0,1,-0.7660748573693538,-1.822673328920161,1.2135305489859476,-0.1289656864741449,0.7910040636645967,2.809907727435166,0.9911705877184126,0.4098358306073453,1,-1.4725135157715823,-1.4171016880388407,-1.1891152097339777,-0.9875479113951852,-1.440763959714756,-0.5224033279669839,1.088835777978328
0,1,0,0,0.537668144248142,-0.4594103968661684,1.3100601461508128,0.4892342033452379,-0.2679310213157522,-0.3555829950036889,0.9911705877184126,-0.0447268142790753,0,0.4123037840892044,,,,,,
1,1,0,1,-0.3935768569072121,0.9038525351878244,0.9869323056884286,-0.7471655762935278,-0.6020053356897681,-0.3555829950036889,0.9911705877184126,-0.2720081363813634,0,-0.592932108918573,0.045877893658203,0.1008886874815482,1.010302471565581,0.5005969313585155,1.3680453976274425,1.088835777978328
1,1,0,1,-0.8591993574848892,-1.822673328920161,-1.0405221866854903,0.4892342033452379,-2.154358142416394,-0.3555829950036889,-1.0080559469640418,0.1825545078232127,0,-0.2159686489464154,-0.7004452796864945,-0.7591139106621356,-0.9875479113951852,-0.5347955440099867,-0.0497911469228365,-0.1289958310216364
1,0,1,1,-1.04544835771596,-0.4594103968661684,0.0608108998412692,0.4892342033452379,-1.7646047756467091,-0.3555829950036889,-1.0080559469640418,-2.5448213601316225,0,-0.0903141620377204,-1.4171016880388407,-1.1891152097339777,-0.9875479113951852,-1.440763959714756,-0.6405563735824797,0.4799199734783458
0,1,0,0,0.9101661447102836,-0.4594103968661684,1.280584383192704,0.4892342033452379,-0.1978798389949948,-0.3555829950036889,0.9911705877184126,0.6371171527096334,0,0.7892672440613618,,,,,,
0,0,0,0,-0.5798258571382829,-1.822673328920161,1.3237764488985808,-0.7471655762935278,-0.6691873355761866,-0.3555829950036889,-1.0080559469640418,-0.4992894591654961,0,0.7892672440613618,,,,,,
0,0,0,0,0.3514191440170712,-0.4594103968661684,0.6544675046414977,0.4892342033452379,-2.098679090020725,-0.3555829950036889,-1.0080559469640418,-0.0447268142790753,0,0.5379582709978995,,,,,,
1,0,0,1,-0.2073278566761413,0.9038525351878244,0.7239431308081734,1.7256339829840035,1.08442664259136,-0.3555829950036889,0.9911705877184126,1.3189611196983422,0,1.1662307040335194,-0.1830906689980463,1.390892584697074,1.010302471565581,0.8888691095731699,0.8954332165832953,1.088835777978328
1,1,0,1,-0.2073278566761413,-1.822673328920161,1.6174561520049828,-0.7471655762935278,0.0661432930582633,-0.3555829950036889,0.9911705877184126,0.8643984748119214,0,1.040576217878752,0.7243728749011746,0.5308899865533903,1.010302471565581,0.7594450502977093,0.7772801709677991,-0.7379116355216186
1,0,1,0,-0.7660748573693538,0.9038525351878244,1.957248438537531,-0.7471655762935278,-1.3402051467585572,2.809907727435166,-1.0080559469640418,-2.0902587152452017,1,0.9149217309700568,-0.6622838525771195,-0.7591139106621356,-0.9875479113951852,-1.0524917815001018,1.1317393071053687,1.088835777978328
0,0,0,0,1.655162145634567,0.9038525351878244,1.9580807154002469,-1.9835653559322937,0.5259478421487062,-0.3555829950036889,-1.0080559469640418,0.4098358306073453,0,0.5379582709978995,,,,,,
0,1,0,1,-0.4867013570227475,0.9038525351878244,0.7503269839661962,1.1074340931646207,1.491635417337247,-0.3555829950036889,-1.0080559469640418,1.3189611196983422,0,-0.9698955688907304,,,,,,
1,1,0,0,0.1651701437860003,-0.4594103968661684,1.7418158069713965,1.1074340931646207,0.4145897373573674,-0.3555829950036889,-1.0080559469640418,0.1825545078232127,0,-0.0903141620377204,0.7540396398935256,0.5308899865533903,-0.9875479113951852,0.6300209906339761,-0.0497911469228365,-1.3468274400216007
0,0,0,0,-0.1142033565606058,-0.4594103968661684,0.3238402515054402,0.4892342033452379,-0.8180608849203309,-0.3555829950036889,-1.0080559469640418,-2.0902587152452017,0,0.4123037840892044,,,,,,
1,1,0,0,0.4445436441326066,-1.822673328920161,1.8238989933806764,-0.7471655762935278,-0.2882051535091308,-0.3555829950036889,-1.0080559469640418,0.6371171527096334,0,1.2918851909422144,0.3578647832059236,1.390892584697074,-0.9875479113951852,0.5005969313585155,1.4861984432429385,-0.1289958310216364
1,0,0,0,-0.0210788564450704,0.9038525351878244,1.2794240181155505,0.4892342033452379,0.8935909837533058,-0.3555829950036889,0.9911705877184126,1.0916797975960542,0,-1.346859028862888,1.310119814908035,1.390892584697074,1.010302471565581,1.1477172285123636,-0.9950155097200494,-0.1289958310216364
1,1,0,1,-0.9523238576004246,-1.822673328920161,1.0756254023613825,-0.1289656864741449,-0.209382786485744,-0.3555829950036889,0.9911705877184126,-0.0447268142790753,0,-1.221204541954193,0.7988965396756217,0.5308899865533903,1.010302471565581,1.1477172285123636,-1.585780736379693,-0.1289958310216364
0,0,0,1,-0.8591993574848892,0.9038525351878244,1.5237208764502683,0.4892342033452379,0.0331853074257581,-0.3555829950036889,0.9911705877184126,-0.0447268142790753,0,0.7892672440613618,,,,,,
1,1,0,1,-0.4867013570227475,0.9038525351878244,0.3139028049674854,-0.1289656864741449,0.1676867268448141,-0.3555829950036889,0.9911705877184126,0.6371171527096334,0,-1.346859028862888,-1.4171016880388407,-1.1891152097339777,-0.9875479113951852,-1.440763959714756,-0.28609723744491,-1.955743244521583
0,1,0,0,1.3757886452879609,0.9038525351878244,0.113705341588382,-0.7471655762935278,-1.5975676184597012,-0.3555829950036889,0.9911705877184126,-0.7265707812677842,0,-1.095550055799425,,,,,,
1,1,0,0,0.1651701437860003,0.9038525351878244,1.7694955449584917,-0.1289656864741449,0.50176104121883,-0.3555829950036889,-1.0080559469640418,-0.2720081363813634,0,-1.095550055799425,0.6862114477917995,0.9608912856252324,1.010302471565581,0.3711728720830549,-1.1131685553355453,1.088835777978328
1,1,0,0,0.4445436441326066,0.9038525351878244,2.150161476293072,-1.3653654661129109,-0.3008890069482577,-0.3555829950036889,-1.0080559469640418,0.1825545078232127,0,0.7892672440613618,-0.3230049004016554,-0.3291126115902937,1.010302471565581,-0.7936436625609083,1.1317393071053687,-1.955743244521583
1,0,0,0,0.2582946439015358,0.9038525351878244,1.5360434349992445,-1.3653654661129109,-1.8759628804380477,-0.3555829950036889,-1.0080559469640418,-1.6356960703587813,0,-1.84947697574374,-0.0558749106360313,-0.3291126115902937,-0.9875479113951852,0.2417488124193217,0.6591271253523029,1.088835777978328
1,1,0,1,1.2826641451724254,-0.4594103968661684,1.724870577458877,-0.1289656864741449,1.0606281409403138,-0.3555829950036889,0.9911705877184126,0.6371171527096334,0,-1.221204541954193,0.9218754831207704,-0.3291126115902937,1.010302471565581,0.5005969313585155,1.0135862614898723,-0.7379116355216186
0,0,0,0,1.7482866457501025,0.9038525351878244,1.7219045592765625,0.4892342033452379,1.217239785524455,-0.3555829950036889,0.9911705877184126,1.3189611196983422,0,1.1662307040335194,,,,,,
0,0,0,1,-0.9523238576004246,-1.822673328920161,0.417911919700356,-0.7471655762935278,-2.043000037625055,-0.3555829950036889,-1.0080559469640418,-1.1811334261542046,0,0.5379582709978995,,,,,,
0,0,0,0,2.2139091463277794,-0.4594103968661684,2.2733600874876125,0.4892342033452379,-1.0820840169735892,-0.3555829950036889,-1.0080559469640418,-0.9538521033700724,0,-1.095550055799425,,,,,,
0,1,0,1,-0.3004523567916767,0.9038525351878244,1.903034077603504,0.4892342033452379,1.770030679315593,-0.3555829950036889,-1.0080559469640418,1.0916797975960542,0,1.040576217878752,,,,,,
1,0,0,0,2.0276601460967085,-0.4594103968661684,1.0490112925467892,1.1074340931646207,0.8473383030835946,2.809907727435166,0.9911705877184126,1.0916797975960542,1,-1.975131461898508,1.6191678648744614,1.820893883768916,1.010302471565581,0.8888691095731699,-1.467627691473115,0.4799199734783458
1,1,0,0,1.7482866457501025,0.9038525351878244,1.8115563265641377,0.4892342033452379,0.1449656600816501,-0.3555829950036889,0.9911705877184126,0.4098358306073453,0,0.9149217309700568,0.8388571562292993,1.390892584697074,1.010302471565581,0.7594450502977093,0.6591271253523029,-0.1289958310216364
0,1,0,0,1.2826641451724254,-0.4594103968661684,1.567196743194739,-1.9835653559322937,0.8935909837533058,-0.3555829950036889,-1.0080559469640418,-1.8629773931429137,0,1.6688486509143718,,,,,,
1,1,0,0,1.0964151449413546,-1.822673328920161,1.7866963291917193,-1.3653654661129109,0.3904029364274912,-0.3555829950036889,-1.0080559469640418,1.0916797975960542,0,-1.095550055799425,-1.4171016880388407,-1.1891152097339777,-0.9875479113951852,-1.440763959714756,-0.8768624641045535,-0.1289958310216364
1,0,0,1,-0.2073278566761413,-0.4594103968661684,1.4182328478402035,0.4892342033452379,1.7143516269199244,-0.3555829950036889,0.9911705877184126,1.0916797975960542,0,-0.7185865958272676,1.6046548522305395,1.820893883768916,1.010302471565581,1.277141287787824,-1.585780736379693,1.088835777978328
1,1,0,0,-0.1142033565606058,-0.4594103968661684,1.1752301118428157,-0.1289656864741449,-0.1978798389949948,-0.3555829950036889,-1.0080559469640418,-0.2720081363813634,0,0.6636127579065945,0.7880271751939905,1.390892584697074,1.010302471565581,0.8888691095731699,1.0135862614898723,-0.1289958310216364
1,1,0,0,-0.2073278566761413,-0.4594103968661684,0.934263826583848,-0.1289656864741449,-0.7336375726744851,-0.3555829950036889,0.9911705877184126,-0.4992894591654961,0,-1.7238224888350453,-0.50963814413962,0.1008886874815482,-0.9875479113951852,-0.6642196032854475,-1.1131685553355453,-0.7379116355216186
1,1,0,0,0.7239171444792128,-0.4594103968661684,1.1900203633109523,0.4892342033452379,1.017244642704942,-0.3555829950036889,0.9911705877184126,1.3189611196983422,0,0.0353403241170469,1.2192363750954325,1.820893883768916,1.010302471565581,1.277141287787824,0.3046679892147332,1.088835777978328
0,0,0,1,-1.04544835771596,-1.822673328920161,0.2370065172373974,0.4892342033452379,-0.8947727275932029,-0.3555829950036889,-1.0080559469640418,-1.1811334261542046,0,0.7892672440613618,,,,,,
0,1,0,0,-0.9523238576004246,-0.4594103968661684,1.046537823377136,0.4892342033452379,-1.9873209852293865,-0.3555829950036889,0.9911705877184126,-0.7265707812677842,0,1.1662307040335194,,,,,,
1,1,0,1,-0.9523238576004246,-0.4594103968661684,1.0644651993811731,-1.3653654661129109,-1.4718373837432743,-0.3555829950036889,-1.0080559469640418,-0.2720081363813634,0,-1.598168001926351,0.0798654289586679,0.5308899865533903,1.010302471565581,0.6300209906339761,-0.8768624641045535,-0.7379116355216186
1,1,0,1,-0.6729503572538184,-0.4594103968661684,0.4868951793409586,-1.3653654661129109,-0.6691873355761866,-0.3555829950036889,0.9911705877184126,0.8643984748119214,0,-1.598168001926351,-1.4171016880388407,-1.1891152097339777,-0.9875479113951852,-1.440763959714756,1.0135862614898723,1.088835777978328
1,0,0,0,0.4445436441326066,0.9038525351878244,1.5940678498158434,-0.7471655762935278,0.6796459588732582,-0.3555829950036889,0.9911705877184126,0.4098358306073453,0,-0.4672776220098779,0.7243728749011746,0.9608912856252324,-0.9875479113951852,0.3711728720830549,0.5409740804457256,-0.1289958310216364
1,0,0,0,-0.3004523567916767,-0.4594103968661684,1.7915297108973538,0.4892342033452379,-0.2122519689200832,-0.3555829950036889,0.9911705877184126,0.1825545078232127,0,-0.7185865958272676,-1.4171016880388407,-1.1891152097339777,-0.9875479113951852,-1.440763959714756,-0.4042502830604059,0.4799199734783458
1,0,0,1,1.2826641451724254,-0.4594103968661684,0.7831228763874312,-0.7471655762935278,-0.6923306502039039,-0.3555829950036889,-1.0080559469640418,-1.408414748256493,0,1.1662307040335194,0.3215025455408511,-0.3291126115902937,-0.9875479113951852,-0.0170993061315996,0.8954332165832953,1.088835777978328
0,1,0,0,0.8170416445947483,0.9038525351878244,1.6336208423651306,1.1074340931646207,0.9471934603841842,-0.3555829950036889,-1.0080559469640418,0.6371171527096334,0,1.040576217878752,,,,,,
1,1,0,0,-0.1142033565606058,0.9038525351878244,0.8673525504062599,-0.1289656864741449,0.7678607490368791,-0.3555829950036889,-1.0080559469640418,0.8643984748119214,0,1.040576217878752,-0.7767681339052441,1.390892584697074,-0.9875479113951852,-1.0524917815001018,0.4228210348302294,1.088835777978328
0,1,0,0,-0.3935768569072121,0.9038525351878244,-0.9846443189154434,0.4892342033452379,0.6687981984058378,-0.3555829950036889,-1.0080559469640418,0.4098358306073453,0,0.286649297934437,,,,,,
1,0,0,1,-0.2073278566761413,-0.4594103968661684,0.3456677391936014,0.4892342033452379,0.1553911726845168,-0.3555829950036889,0.9911705877184126,-0.0447268142790753,0,-0.9698955688907304,-1.4171016880388407,-1.1891152097339777,-0.9875479113951852,-1.440763959714756,-0.4042502830604059,1.088835777978328
1,0,0,1,-0.8591993574848892,-0.4594103968661684,0.0681129381340053,0.4892342033452379,0.177501397849602,-0.3555829950036889,0.9911705877184126,-0.4992894591654961,0,0.9149217309700568,0.0840393207675779,0.1008886874815482,1.010302471565581,1.1477172285123636,0.5409740804457256,1.088835777978328
1,0,0,1,1.0964151449413546,0.9038525351878244,-0.1244204147704147,-1.9835653559322937,0.2790448316361528,-0.3555829950036889,-1.0080559469640418,-0.0447268142790753,0,-0.2159686489464154,-1.4171016880388407,-1.1891152097339777,-0.9875479113951852,-1.440763959714756,0.6591271253523029,1.088835777978328
1,0,0,1,-0.1142033565606058,0.9038525351878244,-1.5812843497386062,-0.7471655762935278,-1.2634933040856853,-0.3555829950036889,-1.0080559469640418,-1.8629773931429137,0,0.0353403241170469,0.2112550791295929,1.820893883768916,-0.9875479113951852,-0.0170993061315996,1.249892352720865,1.088835777978328
1,0,0,0,-0.1142033565606058,-0.4594103968661684,-0.4918049934469342,0.4892342033452379,-0.2122519689200832,-0.3555829950036889,0.9911705877184126,0.6371171527096334,0,-1.4725135157715823,0.2433805018777988,0.5308899865533903,1.010302471565581,1.0182931688486303,-0.6405563735824797,-1.955743244521583
0,0,0,1,-0.5798258571382829,-0.4594103968661684,0.8408274749359925,1.1074340931646207,0.9580412208516044,2.809907727435166,0.9911705877184126,-0.7265707812677842,1,-1.7238224888350453,,,,,,
0,0,0,1,-0.1142033565606058,-0.4594103968661684,-0.6542595565441318,-1.9835653559322937,-0.176847048717792,-0.3555829950036889,-1.0080559469640418,0.8643984748119214,0,0.6636127579065945,,,,,,
0,1,0,0,1.2826641451724254,0.9038525351878244,1.8510994439287471,0.4892342033452379,0.8915144079885152,-0.3555829950036889,0.9911705877184126,0.8643984748119214,0,0.160994811025742,,,,,,
1,0,0,1,-0.2073278566761413,-1.822673328920161,1.2765141598618883,-1.3653654661129109,-1.2491211741605972,-0.3555829950036889,-1.0080559469640418,-0.2720081363813634,0,-1.346859028862888,-0.0686063876699216,0.1008886874815482,-0.9875479113951852,0.3711728720830549,-0.9950155097200494,-0.7379116355216186
1,0,0,1,-1.04544835771596,-1.822673328920161,1.6040914313567416,-1.3653654661129109,-1.7646047756467091,-0.3555829950036889,-1.0080559469640418,-0.7265707812677842,0,-0.8442410819820356,-1.4171016880388407,-1.1891152097339777,-0.9875479113951852,-1.440763959714756,-0.7587094191979756,-1.955743244521583
0,1,0,0,-0.9523238576004246,-0.4594103968661684,0.5423042456350875,0.4892342033452379,0.9058865379136032,2.809907727435166,0.9911705877184126,1.0916797975960542,1,-1.346859028862888,,,,,,
1,1,0,1,-0.6729503572538184,0.9038525351878244,0.3480491030017836,-1.9835653559322937,-0.6691873355761866,-0.3555829950036889,0.9911705877184126,0.4098358306073453,0,-1.975131461898508,0.0907347934402993,0.1008886874815482,1.010302471565581,0.5005969313585155,-1.3494746458576192,0.4799199734783458
1,0,0,1,-0.8591993574848892,0.9038525351878244,0.6619009659429997,-1.3653654661129109,-0.1978798389949948,-0.3555829950036889,-1.0080559469640418,1.0916797975960542,0,-0.592932108918573,-1.4171016880388407,-1.1891152097339777,-0.9875479113951852,-1.440763959714756,-0.4042502830604059,-0.7379116355216186
1,0,0,1,-0.1142033565606058,0.9038525351878244,0.7048269458403155,0.4892342033452379,-0.7893166250701545,-0.3555829950036889,-1.0080559469640418,-0.4992894591654961,0,0.286649297934437,-0.6241224254677447,0.1008886874815482,1.010302471565581,-0.9230677222246412,0.4228210348302294,1.088835777978328
0,0,0,1,1.0964151449413546,-1.822673328920161,-0.3972399861162685,1.1074340931646207,-1.3191723564813544,-0.3555829950036889,-1.0080559469640418,-0.2720081363813634,0,0.7892672440613618,,,,,,
1,0,0,1,0.537668144248142,0.9038525351878244,0.3432777628393418,0.4892342033452379,0.8259756674753087,2.809907727435166,0.9911705877184126,0.6371171527096334,1,-1.7238224888350453,0.9133808210037464,1.390892584697074,1.010302471565581,0.7594450502977093,-1.467627691473115,-1.955743244521583
1,0,0,0,-0.1142033565606058,-0.4594103968661684,0.5528495929481516,-0.7471655762935278,-1.284526094362888,-0.3555829950036889,-1.0080559469640418,-0.7265707812677842,0,0.160994811025742,-1.4171016880388407,-1.1891152097339777,-0.9875479113951852,-1.440763959714756,0.3046679892147332,1.088835777978328
1,0,0,1,0.1651701437860003,0.9038525351878244,0.8486745462624078,-0.7471655762935278,0.3032316325660287,-0.3555829950036889,0.9911705877184126,-0.0447268142790753,0,0.286649297934437,1.1654046313708728,0.9608912856252324,1.010302471565581,0.8888691095731699,-0.28609723744491,-0.1289958310216364
1,0,0,1,-0.8591993574848892,-0.4594103968661684,0.5440735311408424,-0.1289656864741449,1.190096840731183,-0.3555829950036889,0.9911705877184126,-0.0447268142790753,0,0.5379582709978995,-0.170359191964156,0.5308899865533903,1.010302471565581,0.3711728720830549,1.249892352720865,1.088835777978328
0,0,0,0,-0.2073278566761413,-0.4594103968661684,0.4771912202152541,1.1074340931646207,-0.4139353882255575,2.809907727435166,0.9911705877184126,1.3189611196983422,1,-0.0903141620377204,,,,,,
0,1,0,0,2.0276601460967085,0.9038525351878244,1.000355131592625,1.1074340931646207,1.1814126174576105,-0.3555829950036889,0.9911705877184126,1.3189611196983422,0,0.9149217309700568,,,,,,
0,0,0,1,-1.1385728578314955,0.9038525351878244,0.8236918283672326,-1.3653654661129109,-0.0076993671802695,-0.3555829950036889,0.9911705877184126,-0.2720081363813634,0,-1.221204541954193,,,,,,
1,0,0,0,-0.1142033565606058,0.9038525351878244,0.873820736548425,1.1074340931646207,0.938422275681555,2.809907727435166,0.9911705877184126,1.3189611196983422,1,-1.221204541954193,1.1781361084047632,-0.7591139106621356,1.010302471565581,-0.2759474250707932,-0.1679441918294137,-0.1289958310216364
0,1,0,1,-0.6729503572538184,-1.822673328920161,1.4823280279296998,-1.3653654661129109,-1.2288470419672186,-0.3555829950036889,-1.0080559469640418,-1.1811334261542046,0,-2.226440435715898,,,,,,
0,1,0,0,0.2582946439015358,0.9038525351878244,0.670712133035632,-0.1289656864741449,-0.4906472308984295,-0.3555829950036889,-1.0080559469640418,-0.7265707812677842,0,0.9149217309700568,,,,,,
0,0,0,0,0.8170416445947483,-0.4594103968661684,0.87489263904078,-0.1289656864741449,-0.3907920735978399,-0.3555829950036889,-1.0080559469640418,0.6371171527096334,0,-0.592932108918573,,,,,,
1,0,0,0,0.2582946439015358,-0.4594103968661684,0.053427272840281,0.4892342033452379,0.846683116060266,-0.3555829950036889,0.9911705877184126,0.8643984748119214,0,0.5379582709978995,0.6589823082720125,0.1008886874815482,-0.9875479113951852,0.7594450502977093,0.7772801709677991,1.088835777978328
0,0,0,0,2.307033646443315,-0.4594103968661684,0.6529707254248194,-1.3653654661129109,-1.3402051467585572,-0.3555829950036889,-1.0080559469640418,-2.0902587152452017,0,0.0353403241170469,,,,,,
1,0,0,1,-0.6729503572538184,0.9038525351878244,-0.9331251695307932,-1.3653654661129109,-0.9707259121822504,-0.3555829950036889,-1.0080559469640418,-0.2720081363813634,0,-0.4672776220098779,-1.4171016880388407,-1.1891152097339777,-0.9875479113951852,-1.440763959714756,-0.1679441918294137,1.088835777978328
0,0,1,0,-0.8591993574848892,0.9038525351878244,0.4093016644487222,0.4892342033452379,-0.030842681807987,2.809907727435166,0.9911705877184126,0.6371171527096334,1,-0.0903141620377204,,,,,,
1,0,0,0,3.1451541474831335,0.9038525351878244,-0.1005612260906563,-0.7471655762935278,-0.3092379437863335,-0.3555829950036889,0.9911705877184126,0.4098358306073453,0,0.7892672440613618,-1.4171016880388407,-1.1891152097339777,-0.9875479113951852,-1.440763959714756,0.1865149443081559,-0.1289958310216364
0,0,0,0,0.3514191440170712,-0.4594103968661684,0.3456677391936014,-0.1289656864741449,0.2110702250801862,-0.3555829950036889,0.9911705877184126,-0.4992894591654961,0,0.160994811025742,,,,,,
0,0,0,1,1.18953964505689,-0.4594103968661684,0.3527862397149462,1.7256339829840035,0.4929898565162007,-0.3555829950036889,-1.0080559469640418,1.3189611196983422,0,0.5379582709978995,,,,,,
1,0,0,1,-1.04544835771596,0.9038525351878244,0.9011402410006144,0.4892342033452379,-1.4862095136683624,-0.3555829950036889,-1.0080559469640418,-1.8629773931429137,0,0.286649297934437,-0.0304449605605467,-0.3291126115902937,-0.9875479113951852,-0.405371484346254,0.3046679892147332,-0.1289958310216364
0,1,0,1,-1.04544835771596,0.9038525351878244,-0.7107749812779072,0.4892342033452379,-1.3191723564813544,-0.3555829950036889,0.9911705877184126,-0.0447268142790753,0,-0.8442410819820356,,,,,,
1,0,1,0,-0.9523238576004246,-0.4594103968661684,1.145329595635476,0.4892342033452379,1.825709731711263,2.809907727435166,-1.0080559469640418,0.1825545078232127,1,-0.9698955688907304,1.7785090459846824,0.1008886874815482,-0.9875479113951852,0.7594450502977093,-0.5224033279669839,0.4799199734783458
0,0,0,0,-0.4867013570227475,0.9038525351878244,0.631651852701608,1.1074340931646207,1.0931978272939893,-0.3555829950036889,-1.0080559469640418,1.3189611196983422,0,0.6636127579065945,,,,,,
0,0,0,0,1.9345356459811731,-1.822673328920161,0.1782275509280503,-1.3653654661129109,-1.0032616499502025,2.809907727435166,0.9911705877184126,1.3189611196983422,1,1.6688486509143718,,,,,,
1,1,0,1,-1.1385728578314955,0.9038525351878244,0.1563541867608787,-0.1289656864741449,-0.8036887549952426,2.809907727435166,-1.0080559469640418,-0.7265707812677842,1,-1.7238224888350453,-1.4171016880388407,-1.1891152097339777,-0.9875479113951852,-1.440763959714756,-0.0497911469228365,1.088835777978328
1,0,0,0,-0.8591993574848892,-0.4594103968661684,0.8260024172305012,-0.1289656864741449,-0.2237549164108321,-0.3555829950036889,0.9911705877184126,0.8643984748119214,0,0.5379582709978995,-0.0304449605605467,-0.7591139106621356,-0.9875479113951852,0.5005969313585155,1.840657579380508,1.088835777978328
1,0,0,0,1.2826641451724254,-0.4594103968661684,1.2387079843286684,-1.3653654661129109,0.0296609379680901,-0.3555829950036889,-1.0080559469640418,0.8643984748119214,0,-0.0903141620377204,1.4901229979524837,0.1008886874815482,-0.9875479113951852,1.277141287787824,0.5409740804457256,1.088835777978328
1,1,0,1,-0.6729503572538184,0.9038525351878244,1.2915074044721024,1.1074340931646207,-0.8804005976681147,-0.3555829950036889,0.9911705877184126,1.0916797975960542,0,-1.84947697574374,-0.3357363774355458,0.1008886874815482,1.010302471565581,0.8888691095731699,-0.5224033279669839,-1.3468274400216007
0,0,0,0,-0.7660748573693538,0.9038525351878244,-0.4428323895706453,-1.3653654661129109,-2.098679090020725,-0.3555829950036889,-1.0080559469640418,-0.0447268142790753,0,0.4123037840892044,,,,,,
1,0,0,0,0.0720456436704649,0.9038525351878244,0.3213698645475436,-0.7471655762935278,-0.5021501783891786,-0.3555829950036889,-1.0080559469640418,-1.408414748256493,0,-0.8442410819820356,-0.3951538628114953,-0.7591139106621356,-0.9875479113951852,-0.405371484346254,-0.8768624641045535,1.088835777978328
0,0,0,0,-0.5798258571382829,0.9038525351878244,1.125105966263947,0.4892342033452379,1.2168175376599015,-0.3555829950036889,0.9911705877184126,0.8643984748119214,0,-0.592932108918573,,,,,,
0,1,0,0,2.0276601460967085,-0.4594103968661684,-0.5633155322001286,1.1074340931646207,0.2002224646127659,-0.3555829950036889,0.9911705877184126,-0.0447268142790753,0,-0.0903141620377204,,,,,,
0,0,1,1,-0.9523238576004246,0.9038525351878244,-0.1342106344520975,-1.9835653559322937,-1.3402051467585572,-0.3555829950036889,-1.0080559469640418,-1.6356960703587813,0,1.4175396778509095,,,,,,
1,0,0,0,-0.9523238576004246,0.9038525351878244,0.5999513989108891,1.1074340931646207,1.3302861668017547,2.809907727435166,0.9911705877184126,0.6371171527096334,1,-0.8442410819820356,1.8021574604501351,1.390892584697074,-0.9875479113951852,1.277141287787824,0.0683618986926597,1.088835777978328
1,0,0,1,2.0276601460967085,-0.4594103968661684,-1.0405221866854903,0.4892342033452379,0.1553911726845168,-0.3555829950036889,-1.0080559469640418,-0.0447268142790753,0,-0.4672776220098779,1.036359764448895,0.5308899865533903,1.010302471565581,0.7594450502977093,-0.0497911469228365,-0.7379116355216186
0,1,0,0,-0.2073278566761413,-0.4594103968661684,0.8759628056578932,-1.3653654661129109,-0.0654889439264536,-0.3555829950036889,-1.0080559469640418,0.4098358306073453,0,0.4123037840892044,,,,,,
0,0,0,0,4.355772648985094,-0.4594103968661684,1.0373883944547522,-0.1289656864741449,0.2233657792404835,-0.3555829950036889,0.9911705877184126,-0.0447268142790753,0,1.2918851909422144,,,,,,
1,1,0,1,-0.4867013570227475,-0.4594103968661684,1.3011299056326324,-1.3653654661129109,-0.8947727275932029,-0.3555829950036889,0.9911705877184126,-0.0447268142790753,0,-0.3416231358551105,0.803238171483479,0.5308899865533903,1.010302471565581,0.8888691095731699,-0.9950155097200494,-0.7379116355216186
1,1,0,0,-1.1385728578314955,-0.4594103968661684,-0.9846443189154434,-0.7471655762935278,-1.2816569119285488,-0.3555829950036889,-1.0080559469640418,-0.9538521033700724,0,1.4175396778509095,-1.4171016880388407,-1.1891152097339777,-0.9875479113951852,-1.440763959714756,1.4861984432429385,0.4799199734783458
1,0,0,1,0.1651701437860003,-0.4594103968661684,0.1499693279930935,-0.7471655762935278,0.6008235918498711,-0.3555829950036889,-1.0080559469640418,0.6371171527096334,0,0.7892672440613618,1.628255693746061,-0.7591139106621356,1.010302471565581,1.0182931688486303,1.0135862614898723,1.088835777978328
0,0,0,0,-0.5798258571382829,0.9038525351878244,0.2645449910880734,-0.7471655762935278,0.724477250801507,-0.3555829950036889,-1.0080559469640418,-0.0447268142790753,0,-0.592932108918573,,,,,,
1,0,0,0,1.0964151449413546,-0.4594103968661684,1.1446178801744933,1.7256339829840035,-0.121167996322123,-0.3555829950036889,0.9911705877184126,1.3189611196983422,0,0.9149217309700568,0.5868333458621728,0.9608912856252324,1.010302471565581,1.277141287787824,0.3046679892147332,-1.955743244521583
0,0,0,0,1.4689131454034965,-0.4594103968661684,1.1573129337190668,-0.7471655762935278,-1.207814251690016,-0.3555829950036889,0.9911705877184126,-0.7265707812677842,0,1.6688486509143718,,,,,,
1,1,0,0,-0.3004523567916767,0.9038525351878244,1.0772044419218847,1.1074340931646207,-0.121167996322123,-0.3555829950036889,0.9911705877184126,-1.1811334261542046,0,0.6636127579065945,0.0967707978014683,0.5308899865533903,1.010302471565581,0.2417488124193217,1.722504533765012,1.088835777978328
0,1,0,1,-0.5798258571382829,0.9038525351878244,1.125105966263947,0.4892342033452379,0.4894654870585327,-0.3555829950036889,0.9911705877184126,0.6371171527096334,0,0.9149217309700568,,,,,,
1,0,0,1,0.0720456436704649,-0.4594103968661684,0.133731957255165,0.4892342033452379,-0.3449727093197077,-0.3555829950036889,0.9911705877184126,0.6371171527096334,0,0.6636127579065945,0.4869096501279014,0.5308899865533903,1.010302471565581,0.6300209906339761,1.0135862614898723,1.088835777978328
1,1,0,1,-0.9523238576004246,0.9038525351878244,0.3644826112776284,-0.1289656864741449,-0.8163726084343697,-0.3555829950036889,-1.0080559469640418,-1.408414748256493,0,-0.3416231358551105,0.3197033560965486,0.1008886874815482,-0.9875479113951852,0.3711728720830549,0.0683618986926597,-1.3468274400216007
1,1,0,0,0.1651701437860003,0.9038525351878244,0.7185375567677368,1.1074340931646207,0.2559015170084353,-0.3555829950036889,-1.0080559469640418,-0.9538521033700724,0,-0.0903141620377204,1.0933185920689896,0.9608912856252324,1.010302471565581,0.3711728720830549,1.249892352720865,1.088835777978328
0,0,0,1,-0.4867013570227475,0.9038525351878244,-1.1456365496131953,-0.7471655762935278,1.4174124535504684,2.809907727435166,0.9911705877184126,1.3189611196983422,1,-1.975131461898508,,,,,,
1,0,1,1,-0.3935768569072121,-0.4594103968661684,0.575136427967832,0.4892342033452379,-1.451563251549896,-0.3555829950036889,-1.0080559469640418,0.4098358306073453,0,-1.221204541954193,-1.4171016880388407,-1.1891152097339777,-0.9875479113951852,-1.440763959714756,-1.822086827610685,1.088835777978328
1,1,0,1,0.4445436441326066,-1.822673328920161,0.2112008536845145,0.4892342033452379,-0.0654889439264536,-0.3555829950036889,0.9911705877184126,1.3189611196983422,0,1.6688486509143718,0.2052190747684239,0.9608912856252324,1.010302471565581,0.3711728720830549,0.7772801709677991,0.4799199734783458
1,1,0,0,-0.1142033565606058,0.9038525351878244,1.1524049067107107,-0.1289656864741449,-0.7277355704061951,-0.3555829950036889,-1.0080559469640418,-0.9538521033700724,0,0.5379582709978995,0.9835723397664616,0.9608912856252324,1.010302471565581,0.3711728720830549,1.1317393071053687,-0.7379116355216186
0,1,0,0,-1.1385728578314955,0.9038525351878244,-0.1696658359423929,-0.7471655762935278,-0.6941667431756109,-0.3555829950036889,-1.0080559469640418,-0.4992894591654961,0,1.6688486509143718,,,,,,
1,0,0,1,-0.3935768569072121,0.9038525351878244,0.4471938883732063,1.1074340931646207,0.9023621684559352,2.809907727435166,0.9911705877184126,0.4098358306073453,1,-0.8442410819820356,1.4312995689088814,1.390892584697074,1.010302471565581,1.1477172285123636,-1.2313216002421232,-0.1289958310216364
0,1,0,0,4.169523648754023,0.9038525351878244,0.604804500833027,0.4892342033452379,-0.1338518497612499,-0.3555829950036889,-1.0080559469640418,-1.1811334261542046,0,-0.2159686489464154,,,,,,
1,0,0,0,0.7239171444792128,-1.822673328920161,1.0161107114807764,-1.3653654661129109,-1.8759628804380477,-0.3555829950036889,-1.0080559469640418,-0.0447268142790753,0,0.286649297934437,0.6589823082720125,0.9608912856252324,1.010302471565581,0.7594450502977093,0.4228210348302294,-0.1289958310216364
1,1,0,1,-1.1385728578314955,-0.4594103968661684,0.3598288755542456,-0.1289656864741449,-0.360092428801595,-0.3555829950036889,-1.0080559469640418,-0.7265707812677842,0,-0.3416231358551105,0.3554900808413158,0.5308899865533903,-0.9875479113951852,0.1123247531438611,0.8954332165832953,-0.7379116355216186
1,0,0,0,1.0964151449413546,-0.4594103968661684,-0.1542372501188804,0.4892342033452379,0.82748641875477,-0.3555829950036889,0.9911705877184126,0.1825545078232127,0,-0.3416231358551105,-1.4171016880388407,-1.1891152097339777,-0.9875479113951852,-1.440763959714756,-0.0497911469228365,-0.7379116355216186
0,1,0,1,-0.6729503572538184,0.9038525351878244,0.8640945598712652,-1.9835653559322937,-0.6576843880854374,-0.3555829950036889,-1.0080559469640418,1.3189611196983422,0,-0.592932108918573,,,,,,
0,0,0,0,-0.9523238576004246,0.9038525351878244,-0.2829041226217235,-0.7471655762935278,-1.3191723564813544,-0.3555829950036889,-1.0080559469640418,-0.7265707812677842,0,-0.3416231358551105,,,,,,
1,0,0,1,1.4689131454034965,-0.4594103968661684,0.4027695413283695,-1.3653654661129109,-1.4305304612726932,-0.3555829950036889,-1.0080559469640418,-0.2720081363813634,0,0.4123037840892044,1.2507023295320865,0.5308899865533903,-0.9875479113951852,0.6300209906339761,0.4228210348302294,1.088835777978328
1,1,0,0,-1.04544835771596,-0.4594103968661684,0.3139028049674854,-1.3653654661129109,-1.451563251549896,-0.3555829950036889,-1.0080559469640418,-1.8629773931429137,0,-0.8442410819820356,0.1990877393123892,-0.7591139106621356,1.010302471565581,-0.7936436625609083,-0.7587094191979756,1.088835777978328
0,0,0,1,-0.2073278566761413,-0.4594103968661684,0.6469494742757009,0.4892342033452379,0.0248363705876823,-0.3555829950036889,0.9911705877184126,-0.2720081363813634,0,0.160994811025742,,,,,,
1,0,0,1,-0.5798258571382829,-0.4594103968661684,0.8651823424076628,-1.9835653559322937,-0.8163726084343697,-0.3555829950036889,-1.0080559469640418,-2.7721026822339105,0,-0.8442410819820356,-1.4171016880388407,-1.1891152097339777,-0.9875479113951852,-1.440763959714756,0.3046679892147332,-1.3468274400216007
1,0,0,0,-0.9523238576004246,0.9038525351878244,0.5351793492122351,-0.1289656864741449,-1.0061308323845417,-0.3555829950036889,0.9911705877184126,-0.2720081363813634,0,0.160994811025742,-1.4171016880388407,-1.1891152097339777,-0.9875479113951852,-1.440763959714756,-0.0497911469228365,-0.7379116355216186
1,0,0,0,0.537668144248142,0.9038525351878244,-0.5633155322001286,1.1074340931646207,0.2563237648729888,2.809907727435166,0.9911705877184126,1.0916797975960542,1,-0.592932108918573,1.3562117669177471,1.390892584697074,1.010302471565581,1.1477172285123636,-1.2313216002421232,-1.955743244521583
0,0,0,1,0.9101661447102836,-0.4594103968661684,0.6529707254248194,0.4892342033452379,-0.3236100737114216,-0.3555829950036889,-1.0080559469640418,-1.1811334261542046,0,-1.095550055799425,,,,,,
1,0,0,1,-0.4867013570227475,-1.822673328920161,-0.0775335393220058,-0.7471655762935278,-0.3004667590837041,-0.3555829950036889,-1.0080559469640418,1.3189611196983422,0,-0.4672776220098779,1.507622423127631,1.820893883768916,1.010302471565581,1.277141287787824,-0.28609723744491,-1.3468274400216007
1,1,0,1,-0.6729503572538184,-1.822673328920161,0.9103398476945518,0.4892342033452379,-0.6020053356897681,-0.3555829950036889,-1.0080559469640418,-0.0447268142790753,0,-0.8442410819820356,0.1288962205496741,0.5308899865533903,-0.9875479113951852,0.2417488124193217,-0.8768624641045535,-0.7379116355216186
1,0,0,0,-0.9523238576004246,0.9038525351878244,0.3188902078232516,0.4892342033452379,0.0563286220534755,-0.3555829950036889,0.9911705877184126,-0.0447268142790753,0,-1.346859028862888,1.2484229582623438,0.5308899865533903,1.010302471565581,1.277141287787824,-1.3494746458576192,-1.3468274400216007
0,1,0,0,0.2582946439015358,-0.4594103968661684,1.1559143559660328,0.4892342033452379,-1.931641932833717,-0.3555829950036889,-1.0080559469640418,-2.5448213601316225,0,1.4175396778509095,,,,,,
0,0,0,1,-0.0210788564450704,-0.4594103968661684,0.7158180972029382,0.4892342033452379,-0.0816971668232485,-0.3555829950036889,-1.0080559469640418,-1.1811334261542046,0,1.6688486509143718,,,,,,
0,0,0,0,0.8170416445947483,-1.822673328920161,-0.0253358058541307,0.4892342033452379,-0.5379773464560231,-0.3555829950036889,0.9911705877184126,-0.7265707812677842,0,-1.598168001926351,,,,,,
1,0,0,0,3.3314031477142043,0.9038525351878244,0.8897195244461618,1.1074340931646207,0.5259478421487062,-0.3555829950036889,-1.0080559469640418,0.8643984748119214,0,1.2918851909422144,1.0296642917761736,0.5308899865533903,1.010302471565581,1.277141287787824,1.249892352720865,1.088835777978328
0,1,0,1,-1.04544835771596,0.9038525351878244,-0.1962086705865941,-1.9835653559322937,0.2135060911229465,-0.3555829950036889,-1.0080559469640418,-1.1811334261542046,0,1.5431941640056768,,,,,,
1,0,0,1,-0.7660748573693538,0.9038525351878244,0.172051545772475,1.1074340931646207,-0.2122519689200832,-0.3555829950036889,0.9911705877184126,0.6371171527096334,0,-0.2159686489464154,1.3714227632072358,0.5308899865533903,1.010302471565581,1.277141287787824,0.1865149443081559,0.4799199734783458
0,0,1,1,0.4445436441326066,0.9038525351878244,-0.0337541074893964,0.4892342033452379,0.5490911567764235,2.809907727435166,-1.0080559469640418,0.1825545078232127,1,-1.346859028862888,,,,,,
0,1,0,0,-0.4867013570227475,-0.4594103968661684,0.4430893550430768,1.1074340931646207,-0.2794339688065015,-0.3555829950036889,0.9911705877184126,1.0916797975960542,0,-1.095550055799425,,,,,,
0,0,0,0,-0.1142033565606058,-1.822673328920161,0.1904090523852567,-1.3653654661129109,-1.5418885660640316,-0.3555829950036889,-1.0080559469640418,-2.0902587152452017,0,0.5379582709978995,,,,,,
1,0,0,1,-0.8591993574848892,-0.4594103968661684,-0.1100017829557541,1.1074340931646207,0.7859713440364098,2.809907727435166,0.9911705877184126,0.6371171527096334,1,-0.9698955688907304,1.5390883775642847,0.5308899865533903,1.010302471565581,0.5005969313585155,-0.4042502830604059,-1.955743244521583
1,0,0,0,1.0032906448258192,-1.822673328920161,0.9869323056884286,-1.3653654661129109,-1.096456146898677,-0.3555829950036889,-1.0080559469640418,-0.0447268142790753,0,1.6688486509143718,-0.6241224254677447,-0.7591139106621356,-0.9875479113951852,0.8888691095731699,1.1317393071053687,0.4799199734783458
0,0,0,1,0.7239171444792128,-0.4594103968661684,0.9459086696080304,0.4892342033452379,1.770030679315593,-0.3555829950036889,0.9911705877184126,0.8643984748119214,0,-0.0903141620377204,,,,,,
1,0,0,0,-0.6729503572538184,0.9038525351878244,0.1467536148754892,0.4892342033452379,0.8416503964320792,-0.3555829950036889,0.9911705877184126,1.3189611196983422,0,-0.8442410819820356,-1.4171016880388407,-1.1891152097339777,-0.9875479113951852,-1.440763959714756,-0.7587094191979756,1.088835777978328
0,1,0,0,1.18953964505689,0.9038525351878244,-1.002750321151585,1.1074340931646207,1.1250783780386124,-0.3555829950036889,0.9911705877184126,0.1825545078232127,0,0.5379582709978995,,,,,,
0,0,0,0,3.2382786475986687,0.9038525351878244,0.0681129381340053,-0.1289656864741449,0.3021431291511212,-0.3555829950036889,0.9911705877184126,0.1825545078232127,0,-0.0903141620377204,,,,,,
0,1,0,0,3.3314031477142043,0.9038525351878244,0.7185375567677368,0.4892342033452379,1.2822558471080834,-0.3555829950036889,-1.0080559469640418,-0.0447268142790753,0,1.040576217878752,,,,,,
0,1,0,0,3.2382786475986687,0.9038525351878244,0.5934246521110004,0.4892342033452379,-0.1008938641287445,-0.3555829950036889,-1.0080559469640418,0.1825545078232127,0,-0.3416231358551105,,,,,,
0,1,0,1,-0.3004523567916767,-0.4594103968661684,0.5387513997564548,0.4892342033452379,-0.8947727275932029,-0.3555829950036889,0.9911705877184126,-0.7265707812677842,0,-1.598168001926351,,,,,,
1,0,0,0,-0.3935768569072121,-0.4594103968661684,-0.3477431237899158,1.1074340931646207,1.6029935221285858,-0.3555829950036889,-1.0080559469640418,1.3189611196983422,0,0.0353403241170469,1.8784803146688849,1.820893883768916,1.010302471565581,1.277141287787824,-0.8768624641045535,-0.7379116355216186
1,1,0,1,1.5620376455190317,0.9038525351878244,-2.3072778274034063,-0.7471655762935278,-0.0220714971053576,-0.3555829950036889,-1.0080559469640418,0.6371171527096334,0,1.040576217878752,1.203566058480248,1.390892584697074,1.010302471565581,0.8888691095731699,1.1317393071053687,0.4799199734783458
1,0,0,1,-0.8591993574848892,0.9038525351878244,-0.2071316918659932,-1.3653654661129109,-0.1334296018966963,-0.3555829950036889,0.9911705877184126,0.6371171527096334,0,0.0353403241170469,1.3482812420174102,0.5308899865533903,1.010302471565581,0.8888691095731699,0.1865149443081559,-0.1289958310216364
1,0,0,1,0.0720456436704649,0.9038525351878244,0.9526079220460008,-0.1289656864741449,0.7678607490368791,-0.3555829950036889,-1.0080559469640418,0.6371171527096334,0,-0.3416231358551105,0.5378025542711667,1.390892584697074,-0.9875479113951852,1.277141287787824,0.3046679892147332,-0.1289958310216364
1,1,0,1,0.4445436441326066,-0.4594103968661684,0.8120161228481044,0.4892342033452379,0.4460819888231605,-0.3555829950036889,-1.0080559469640418,-0.4992894591654961,0,-1.346859028862888,0.8879508709282622,0.9608912856252324,-0.9875479113951852,1.1477172285123636,-2.176545963748255,-1.955743244521583
1,0,0,0,-0.3935768569072121,0.9038525351878244,0.6347398384218608,-1.3653654661129109,-1.2288470419672186,-0.3555829950036889,-1.0080559469640418,-0.2720081363813634,0,-1.598168001926351,-1.4171016880388407,-1.1891152097339777,-0.9875479113951852,-1.440763959714756,-1.2313216002421232,-0.7379116355216186
0,0,0,1,-0.9523238576004246,0.9038525351878244,0.6469494742757009,-1.3653654661129109,-1.8759628804380477,-0.3555829950036889,0.9911705877184126,-1.408414748256493,0,0.9149217309700568,,,,,,
0,1,0,0,-0.5798258571382829,0.9038525351878244,0.306350405716405,1.1074340931646207,-1.0589407023458717,-0.3555829950036889,-1.0080559469640418,0.6371171527096334,0,-2.226440435715898,,,,,,
1,1,0,1,0.537668144248142,-0.4594103968661684,-0.9846443189154434,-0.1289656864741449,0.0563286220534755,-0.3555829950036889,0.9911705877184126,-0.0447268142790753,0,-1.975131461898508,-0.0686063876699216,0.5308899865533903,1.010302471565581,0.8888691095731699,-0.4042502830604059,-1.3468274400216007
0,1,0,1,-0.5798258571382829,-1.822673328920161,0.432715080103407,-0.7471655762935278,-0.0220714971053576,2.809907727435166,0.9911705877184126,0.6371171527096334,1,-0.0903141620377204,,,,,,
0,1,0,1,-0.5798258571382829,0.9038525351878244,1.2230848514391608,-1.9835653559322937,-1.9873209852293865,-0.3555829950036889,-1.0080559469640418,-2.3175400373474897,0,0.7892672440613618,,,,,,
1,0,0,1,-1.04544835771596,0.9038525351878244,-0.7856657204530147,0.4892342033452379,-1.5975676184597012,-0.3555829950036889,-1.0080559469640418,-0.2720081363813634,0,-0.2159686489464154,0.0586093706920933,-0.3291126115902937,-0.9875479113951852,0.3711728720830549,-0.5224033279669839,-0.1289958310216364
1,1,0,0,-0.7660748573693538,-0.4594103968661684,-0.4587567201598271,0.4892342033452379,-0.0423456292987361,-0.3555829950036889,0.9911705877184126,0.4098358306073453,0,-0.8442410819820356,-1.4171016880388407,-1.1891152097339777,-0.9875479113951852,-1.440763959714756,-1.467627691473115,1.088835777978328
1,1,0,1,0.0720456436704649,0.9038525351878244,0.9253935223716946,-1.3653654661129109,0.2254423550052743,-0.3555829950036889,0.9911705877184126,-0.2720081363813634,0,-1.598168001926351,-0.3611663275110305,0.5308899865533903,1.010302471565581,-1.0524917815001018,-0.8768624641045535,-1.3468274400216007
0,0,0,1,-0.7660748573693538,-1.822673328920161,-1.3589341614857204,0.4892342033452379,-0.950451779988872,-0.3555829950036889,-1.0080559469640418,-2.7721026822339105,0,0.5379582709978995,,,,,,
0,1,0,0,-0.6729503572538184,-1.822673328920161,-0.7471600094892847,-1.9835653559322937,-1.9873209852293865,-0.3555829950036889,-1.0080559469640418,-0.0447268142790753,0,-0.7185865958272676,,,,,,
1,0,0,1,-0.5798258571382829,0.9038525351878244,-0.949855879404472,-0.7471655762935278,0.3263749471937463,-0.3555829950036889,0.9911705877184126,0.6371171527096334,0,-1.221204541954193,-1.4171016880388407,-1.1891152097339777,-0.9875479113951852,-1.440763959714756,0.1865149443081559,1.088835777978328
1,0,0,0,-0.7660748573693538,0.9038525351878244,0.3759755573371963,-1.3653654661129109,-0.8919035451588638,-0.3555829950036889,-1.0080559469640418,-0.4992894591654961,0,-0.8442410819820356,-1.4171016880388407,-1.1891152097339777,-0.9875479113951852,-1.440763959714756,-0.6405563735824797,1.088835777978328
1,0,0,0,-0.7660748573693538,-0.4594103968661684,-0.0912536392429394,-0.7471655762935278,-0.4118248638750427,-0.3555829950036889,0.9911705877184126,1.3189611196983422,0,-0.0903141620377204,-0.7386067067958693,-0.7591139106621356,-0.9875479113951852,0.7594450502977093,-0.1679441918294137,1.088835777978328
0,1,0,0,-0.9523238576004246,-0.4594103968661684,-0.9846443189154434,0.4892342033452379,-0.4822982940603537,-0.3555829950036889,0.9911705877184126,-0.7265707812677842,0,0.286649297934437,,,,,,
1,0,0,0,0.1651701437860003,0.9038525351878244,-1.3281924446123898,1.1074340931646207,0.692984999335714,-0.3555829950036889,0.9911705877184126,0.6371171527096334,0,-1.221204541954193,0.9066853483310252,0.9608912856252324,1.010302471565581,0.8888691095731699,0.0683618986926597,1.088835777978328
0,0,1,0,-0.3935768569072121,-0.4594103968661684,-0.949855879404472,-1.9835653559322937,-0.5788620210620505,-0.3555829950036889,-1.0080559469640418,-2.0902587152452017,0,-0.4672776220098779,,,,,,
1,1,0,0,-0.6729503572538184,-0.4594103968661684,0.369103803128375,0.4892342033452379,-0.6345410734577198,-0.3555829950036889,0.9911705877184126,-0.9538521033700724,0,-0.8442410819820356,-0.3951538628114953,0.1008886874815482,1.010302471565581,0.2417488124193217,-0.1679441918294137,-1.3468274400216007
0,0,0,1,-1.04544835771596,-0.4594103968661684,-0.2126616633972881,0.4892342033452379,-0.4349681785027604,-0.3555829950036889,-1.0080559469640418,0.1825545078232127,0,-2.1007859488072027,,,,,,
0,0,0,0,0.3514191440170712,-0.4594103968661684,0.7359463864973768,0.4892342033452379,-0.8947727275932029,-0.3555829950036889,0.9911705877184126,-0.0447268142790753,0,0.286649297934437,,,,,,
1,0,0,0,0.8170416445947483,-1.822673328920161,0.5717562275459198,0.4892342033452379,-0.7480097025995733,-0.3555829950036889,-1.0080559469640418,-1.6356960703587813,0,0.5379582709978995,0.4996411271617919,-0.3291126115902937,-0.9875479113951852,0.5005969313585155,1.4861984432429385,-0.1289958310216364
1,0,0,1,0.1651701437860003,0.9038525351878244,0.5901369451223909,-0.7471655762935278,0.5903980792470047,-0.3555829950036889,-1.0080559469640418,-1.408414748256493,0,1.1662307040335194,1.1508440457770197,-0.7591139106621356,-0.9875479113951852,0.2417488124193217,1.4861984432429385,-0.7379116355216186
1,0,0,1,0.1651701437860003,-1.822673328920161,-0.4120906726973142,-1.3653654661129109,-1.931641932833717,-0.3555829950036889,-1.0080559469640418,-2.3175400373474897,0,-0.0903141620377204,0.3215025455408511,-0.7591139106621356,-0.9875479113951852,-1.0524917815001018,0.7772801709677991,-1.955743244521583
1,1,0,0,-0.5798258571382829,-0.4594103968661684,-0.9168076061173648,0.4892342033452379,-0.9834097656213776,-0.3555829950036889,-1.0080559469640418,-2.3175400373474897,0,-0.7185865958272676,0.1306954099939765,0.9608912856252324,-0.9875479113951852,1.277141287787824,-1.7039337819951887,-0.7379116355216186
1,0,0,1,-0.4867013570227475,-0.4594103968661684,0.9695290447553566,-1.9835653559322937,-1.2288470419672186,-0.3555829950036889,-1.0080559469640418,-0.7265707812677842,0,-1.84947697574374,0.0925339828846016,-0.7591139106621356,1.010302471565581,1.0182931688486303,-1.2313216002421232,-0.1289958310216364
0,0,0,0,0.537668144248142,-1.822673328920161,0.2170231621998498,-0.7471655762935278,-0.2447877066880349,-0.3555829950036889,-1.0080559469640418,-0.0447268142790753,0,0.286649297934437,,,,,,
0,1,0,1,-0.8591993574848892,0.9038525351878244,-0.7107749812779072,0.4892342033452379,0.0104642406625941,-0.3555829950036889,-1.0080559469640418,0.4098358306073453,0,-0.9698955688907304,,,,,,
0,1,0,0,1.18953964505689,-1.822673328920161,-0.1147731231181953,-0.1289656864741449,-0.0777505495010269,-0.3555829950036889,-1.0080559469640418,0.8643984748119214,0,0.9149217309700568,,,,,,
1,0,0,0,-0.0210788564450704,-0.4594103968661684,0.9093239708739737,1.1074340931646207,1.1615607331287856,2.809907727435166,0.9911705877184126,1.3189611196983422,1,-1.7238224888350453,1.138175491851086,0.5308899865533903,-0.9875479113951852,0.8888691095731699,-1.1131685553355453,-0.7379116355216186
1,0,0,0,-0.5798258571382829,0.9038525351878244,-0.1748897978633827,-1.3653654661129109,-1.8202838280423783,-0.3555829950036889,-1.0080559469640418,-0.0447268142790753,0,0.5379582709978995,0.0967707978014683,-0.7591139106621356,-0.9875479113951852,0.2417488124193217,0.7772801709677991,1.088835777978328
0,1,0,0,0.3514191440170712,0.9038525351878244,0.417911919700356,1.1074340931646207,1.1719862457316523,-0.3555829950036889,0.9911705877184126,1.0916797975960542,0,1.2918851909422144,,,,,,
1,0,0,0,-0.2073278566761413,0.9038525351878244,-0.3827157148254578,1.1074340931646207,0.4047750663525795,-0.3555829950036889,-1.0080559469640418,-0.2720081363813634,0,-0.8442410819820356,0.2833411184314761,-0.7591139106621356,-0.9875479113951852,0.8888691095731699,1.3680453976274425,0.4799199734783458
1,0,0,1,-0.2073278566761413,-0.4594103968661684,-0.6651825778235311,0.4892342033452379,0.54866890891187,-0.3555829950036889,-1.0080559469640418,-0.4992894591654961,0,1.040576217878752,1.1574741064705356,0.5308899865533903,1.010302471565581,-0.0170993061315996,1.3680453976274425,1.088835777978328
1,0,1,0,-0.2073278566761413,0.9038525351878244,1.0030072866240165,0.4892342033452379,1.1600499818493246,-0.3555829950036889,-1.0080559469640418,0.1825545078232127,0,0.0353403241170469,0.6267939624158501,0.5308899865533903,1.010302471565581,1.277141287787824,1.3680453976274425,1.088835777978328
1,0,0,1,-0.7660748573693538,-0.4594103968661684,-0.4668651377370598,0.4892342033452379,0.1907850243597826,-0.3555829950036889,-1.0080559469640418,1.0916797975960542,0,-1.095550055799425,0.0077164665488281,-0.3291126115902937,1.010302471565581,0.5005969313585155,-0.6405563735824797,0.4799199734783458
1,0,0,0,1.0032906448258192,-0.4594103968661684,-0.9168076061173648,0.4892342033452379,-1.2491211741605972,-0.3555829950036889,-1.0080559469640418,-0.4992894591654961,0,-0.4672776220098779,-1.4171016880388407,-1.1891152097339777,-0.9875479113951852,-1.440763959714756,0.3046679892147332,1.088835777978328
1,0,0,1,0.0720456436704649,-0.4594103968661684,-0.1908141284525652,0.4892342033452379,0.346226831522571,2.809907727435166,-1.0080559469640418,-1.6356960703587813,1,0.4123037840892044,1.719139133558664,0.5308899865533903,-0.9875479113951852,0.3711728720830549,0.6591271253523029,1.088835777978328
1,0,0,1,-0.8591993574848892,0.9038525351878244,-0.0596722427882147,1.1074340931646207,1.770030679315593,-0.3555829950036889,0.9911705877184126,1.0916797975960542,0,-2.1007859488072027,1.2399459499795908,0.9608912856252324,1.010302471565581,0.6300209906339761,-0.4042502830604059,-0.7379116355216186
0,0,0,1,-0.7660748573693538,0.9038525351878244,-0.1342106344520975,-1.9835653559322937,-1.2491211741605972,-0.3555829950036889,-1.0080559469640418,-2.0902587152452017,0,0.4123037840892044,,,,,,
0,1,0,0,1.18953964505689,-0.4594103968661684,0.5096192891005289,1.1074340931646207,0.4786177265911124,-0.3555829950036889,0.9911705877184126,0.6371171527096334,0,-0.0903141620377204,,,,,,
1,1,0,1,-0.5798258571382829,0.9038525351878244,0.934263826583848,0.4892342033452379,-0.1895309021569191,2.809907727435166,0.9911705877184126,0.6371171527096334,1,0.6636127579065945,1.3671440545073352,1.390892584697074,1.010302471565581,1.1477172285123636,0.8954332165832953,0.4799199734783458
0,0,0,1,0.0720456436704649,-0.4594103968661684,-0.0912536392429394,-0.7471655762935278,-1.8759628804380477,-0.3555829950036889,0.9911705877184126,-2.0902587152452017,0,-0.592932108918573,,,,,,
1,1,0,1,-0.4867013570227475,-0.4594103968661684,-0.4046236131172566,-0.7471655762935278,-1.0589407023458717,2.809907727435166,0.9911705877184126,0.1825545078232127,1,-2.1007859488072027,0.0077164665488281,1.390892584697074,1.010302471565581,0.3711728720830549,-1.7039337819951887,0.4799199734783458
0,0,0,1,2.0276601460967085,-0.4594103968661684,0.1034597450137659,0.4892342033452379,-0.176847048717792,-0.3555829950036889,0.9911705877184126,-0.2720081363813634,0,-0.8442410819820356,,,,,,
1,1,0,1,-0.8591993574848892,0.9038525351878244,0.8727470925402888,-0.1289656864741449,0.1445434122170965,-0.3555829950036889,-1.0080559469640418,-0.4992894591654961,0,1.040576217878752,0.7353051624907626,0.1008886874815482,1.010302471565581,0.5005969313585155,1.3680453976274425,-0.1289958310216364
0,1,0,0,1.18953964505689,-0.4594103968661684,1.4092289601864554,1.1074340931646207,1.1163071933359832,-0.3555829950036889,0.9911705877184126,-0.4992894591654961,0,-0.7185865958272676,,,,,,
0,0,0,0,1.18953964505689,0.9038525351878244,-0.1908141284525652,1.7256339829840035,1.4973233239887629,-0.3555829950036889,0.9911705877184126,0.6371171527096334,0,1.6688486509143718,,,,,,
1,0,0,1,-0.2073278566761413,0.9038525351878244,0.1304360514620605,-1.9835653559322937,-0.8163726084343697,-0.3555829950036889,-1.0080559469640418,-1.1811334261542046,0,0.5379582709978995,0.6782809228914625,0.1008886874815482,1.010302471565581,-0.0170993061315996,0.6591271253523029,1.088835777978328
0,1,0,1,-1.1385728578314955,0.9038525351878244,-0.5089703154649504,-1.3653654661129109,-1.0618098847802109,-0.3555829950036889,-1.0080559469640418,0.1825545078232127,0,0.5379582709978995,,,,,,
1,0,0,1,-1.04544835771596,0.9038525351878244,0.3238402515054402,-1.3653654661129109,-1.3048002265562666,-0.3555829950036889,0.9911705877184126,0.1825545078232127,0,-0.2159686489464154,0.544498026943888,0.1008886874815482,1.010302471565581,0.5005969313585155,-0.7587094191979756,1.088835777978328
0,0,0,1,-0.9523238576004246,-0.4594103968661684,0.9184111265558592,-0.1289656864741449,0.7013339361737897,-0.3555829950036889,0.9911705877184126,1.0916797975960542,0,-0.2159686489464154,,,,,,
0,1,0,1,-0.5798258571382829,0.9038525351878244,0.0824793244063503,-1.3653654661129109,-1.0589407023458717,-0.3555829950036889,-1.0080559469640418,0.6371171527096334,0,-1.4725135157715823,,,,,,
0,1,0,0,1.18953964505689,0.9038525351878244,-0.2953729404928667,1.1074340931646207,0.6456548837781202,-0.3555829950036889,-1.0080559469640418,0.6371171527096334,0,1.6688486509143718,,,,,,
0,0,0,1,-1.1385728578314955,0.9038525351878244,-0.8853336700648033,1.1074340931646207,0.9492700361489752,-0.3555829950036889,0.9911705877184126,-1.1811334261542046,0,-0.0903141620377204,,,,,,
1,0,0,0,-0.6729503572538184,0.9038525351878244,-0.5539419318923252,1.1074340931646207,-0.0777505495010269,-0.3555829950036889,0.9911705877184126,0.8643984748119214,0,-1.221204541954193,0.6166049277455146,0.5308899865533903,1.010302471565581,0.8888691095731699,-1.2313216002421232,1.088835777978328
0,0,0,0,-0.1142033565606058,-0.4594103968661684,0.8442019218002467,-0.7471655762935278,-0.8947727275932029,-0.3555829950036889,-1.0080559469640418,-1.8629773931429137,0,0.0353403241170469,,,,,,
1,1,0,0,-0.9523238576004246,-1.822673328920161,-0.1854632673009121,-1.3653654661129109,-1.2288470419672186,-0.3555829950036889,-1.0080559469640418,-2.0902587152452017,0,1.5431941640056768,-1.4171016880388407,-1.1891152097339777,-0.9875479113951852,-1.440763959714756,1.249892352720865,1.088835777978328
0,1,0,0,1.18953964505689,-0.4594103968661684,-1.298817486740533,0.4892342033452379,1.0137202732472737,-0.3555829950036889,-1.0080559469640418,0.6371171527096334,0,-0.0903141620377204,,,,,,
0,1,0,0,1.18953964505689,-1.822673328920161,-0.3342563752403276,1.1074340931646207,0.6131191460101687,-0.3555829950036889,0.9911705877184126,-0.0447268142790753,0,0.4123037840892044,,,,,,
1,1,0,1,1.2826641451724254,0.9038525351878244,1.1019690350019966,-1.3653654661129109,0.1918735277746902,-0.3555829950036889,-1.0080559469640418,-1.6356960703587813,0,0.160994811025742,0.4341876374246733,0.9608912856252324,1.010302471565581,0.8888691095731699,-0.0497911469228365,-1.955743244521583
0,1,0,1,2.9589051472520627,-0.4594103968661684,0.9062669365479162,0.4892342033452379,0.6918964959208064,2.809907727435166,0.9911705877184126,1.3189611196983422,1,-1.84947697574374,,,,,,
1,1,0,0,-0.6729503572538184,-1.822673328920161,-0.3755715615511873,-1.3653654661129109,0.0006495696578063144,-0.3555829950036889,-1.0080559469640418,0.8643984748119214,0,-0.2159686489464154,0.4614797000524168,0.9608912856252324,1.010302471565581,1.277141287787824,-0.1679441918294137,-1.3468274400216007
1,0,0,1,-0.5798258571382829,0.9038525351878244,-0.2829041226217235,0.4892342033452379,1.362166717546378,-0.3555829950036889,0.9911705877184126,0.4098358306073453,0,1.040576217878752,-1.4171016880388407,-1.1891152097339777,-0.9875479113951852,-1.440763959714756,1.722504533765012,1.088835777978328
0,0,0,1,-0.7660748573693538,0.9038525351878244,0.5784994262775327,-1.3653654661129109,0.2360496326796103,-0.3555829950036889,0.9911705877184126,1.3189611196983422,0,-0.7185865958272676,,,,,,
1,1,0,0,-0.3935768569072121,-0.4594103968661684,0.9704565224397392,-1.9835653559322937,-0.9475825975545332,-0.3555829950036889,-1.0080559469640418,-2.7721026822339105,0,1.6688486509143718,0.9066853483310252,1.820893883768916,1.010302471565581,1.277141287787824,-0.0497911469228365,1.088835777978328
0,1,0,0,-0.4867013570227475,0.9038525351878244,0.3527862397149462,0.4892342033452379,-0.6576843880854374,-0.3555829950036889,0.9911705877184126,0.6371171527096334,0,0.9149217309700568,,,,,,
1,0,1,0,-1.04544835771596,0.9038525351878244,0.2672367575049725,-1.3653654661129109,0.3490960139569103,-0.3555829950036889,-1.0080559469640418,0.8643984748119214,0,0.7892672440613618,0.3851568458336671,-0.3291126115902937,1.010302471565581,0.6300209906339761,0.8954332165832953,-0.1289958310216364
0,0,0,0,-0.5798258571382829,-1.822673328920161,-0.4918049934469342,-1.9835653559322937,-1.0947678704127162,-0.3555829950036889,-1.0080559469640418,-2.7721026822339105,0,0.5379582709978995,,,,,,
0,0,0,1,-1.04544835771596,-0.4594103968661684,-0.7990162299047809,0.4892342033452379,-0.3004667590837041,-0.3555829950036889,0.9911705877184126,0.1825545078232127,0,-0.592932108918573,,,,,,
0,0,0,0,1.2826641451724254,-1.822673328920161,0.5934246521110004,0.4892342033452379,-0.3236100737114216,-0.3555829950036889,-1.0080559469640418,0.1825545078232127,0,0.160994811025742,,,,,,
1,0,0,0,-0.8591993574848892,-1.822673328920161,0.7916813571446601,0.4892342033452379,-0.0777505495010269,-0.3555829950036889,0.9911705877184126,0.4098358306073453,0,-1.7238224888350453,-0.1830906689980463,0.1008886874815482,1.010302471565581,0.1123247531438611,-1.467627691473115,-0.1289958310216364
1,1,0,1,0.7239171444792128,-0.4594103968661684,0.882347664425679,0.4892342033452379,0.3120028172686582,-0.3555829950036889,-1.0080559469640418,-0.0447268142790753,0,1.040576217878752,0.548671918752798,0.9608912856252324,-0.9875479113951852,0.5005969313585155,1.1317393071053687,-1.3468274400216007
1,0,1,0,0.537668144248142,-0.4594103968661684,0.5649435100764635,1.1074340931646207,0.1218223454539326,2.809907727435166,0.9911705877184126,1.3189611196983422,1,-1.84947697574374,1.892993327312807,1.390892584697074,1.010302471565581,1.277141287787824,-1.2313216002421232,0.4799199734783458
0,0,0,1,-0.2073278566761413,0.9038525351878244,-0.0730227522399809,-0.7471655762935278,0.50176104121883,-0.3555829950036889,-1.0080559469640418,0.4098358306073453,0,1.2918851909422144,,,,,,
1,0,0,1,0.7239171444792128,-1.822673328920161,0.053427272840281,-1.3653654661129109,-0.3907920735978399,-0.3555829950036889,-1.0080559469640418,-0.0447268142790753,0,1.5431941640056768,-1.4171016880388407,-1.1891152097339777,-0.9875479113951852,-1.440763959714756,1.1317393071053687,1.088835777978328
1,0,0,0,0.6307926443636774,-0.4594103968661684,1.793933209071182,0.4892342033452379,0.8831654711504392,-0.3555829950036889,-1.0080559469640418,0.8643984748119214,0,0.7892672440613618,1.394373194027122,0.5308899865533903,1.010302471565581,1.0182931688486303,1.4861984432429385,1.088835777978328
0,0,0,0,0.2582946439015358,-0.4594103968661684,-0.0088142517795226,0.4892342033452379,-0.1422007865993255,-0.3555829950036889,0.9911705877184126,0.1825545078232127,0,0.4123037840892044,,,,,,
0,0,0,1,-0.5798258571382829,-0.4594103968661684,-1.391176055488331,-0.7471655762935278,0.0440330678931782,-0.3555829950036889,0.9911705877184126,0.6371171527096334,0,-0.9698955688907304,,,,,,
0,0,0,1,-0.8591993574848892,0.9038525351878244,-0.1342106344520975,-1.3653654661129109,-2.154358142416394,-0.3555829950036889,0.9911705877184126,-2.5448213601316225,0,0.0353403241170469,,,,,,
0,1,0,0,0.0720456436704649,-0.4594103968661684,0.7020503546056821,1.1074340931646207,0.4790399744556661,-0.3555829950036889,0.9911705877184126,0.6371171527096334,0,0.9149217309700568,,,,,,
1,0,0,1,1.0032906448258192,-0.4594103968661684,0.3527862397149462,-1.3653654661129109,-0.209382786485744,-0.3555829950036889,-1.0080559469640418,0.8643984748119214,0,-1.346859028862888,1.4773915209185933,1.820893883768916,1.010302471565581,0.7594450502977093,-1.467627691473115,-1.3468274400216007
0,1,0,0,0.9101661447102836,-0.4594103968661684,-0.8126420269013093,0.4892342033452379,-0.6020053356897681,-0.3555829950036889,0.9911705877184126,1.3189611196983422,0,0.0353403241170469,,,,,,
1,1,0,0,-0.4867013570227475,-0.4594103968661684,-1.425072087380026,-1.3653654661129109,-0.2679310213157522,-0.3555829950036889,-1.0080559469640418,-1.1811334261542046,0,0.9149217309700568,0.2815419289871738,0.9608912856252324,-0.9875479113951852,0.6300209906339761,1.3680453976274425,1.088835777978328
0,0,0,0,0.0720456436704649,-0.4594103968661684,0.1595236304463068,-0.7471655762935278,-0.0220714971053576,-0.3555829950036889,0.9911705877184126,0.6371171527096334,0,-1.84947697574374,,,,,,
0,0,0,1,-0.8591993574848892,-0.4594103968661684,0.113705341588382,-1.3653654661129109,-1.931641932833717,-0.3555829950036889,-1.0080559469640418,-1.8629773931429137,0,0.7892672440613618,,,,,,
0,1,0,0,0.8170416445947483,0.9038525351878244,0.1370115061283879,-0.7471655762935278,0.6043479613075392,-0.3555829950036889,0.9911705877184126,-0.0447268142790753,0,0.286649297934437,,,,,,
1,0,0,0,0.6307926443636774,-1.822673328920161,1.7484169641672698,1.1074340931646207,0.0447806574499772,-0.3555829950036889,0.9911705877184126,1.3189611196983422,0,-0.7185865958272676,-1.4171016880388407,-1.1891152097339777,-0.9875479113951852,-1.440763959714756,0.1865149443081559,1.088835777978328
0,0,0,1,-1.1385728578314955,0.9038525351878244,0.3287534915485317,1.1074340931646207,1.825709731711263,-0.3555829950036889,-1.0080559469640418,1.0916797975960542,0,-1.346859028862888,,,,,,
0,1,0,0,-0.1142033565606058,-0.4594103968661684,0.9823967508787428,-0.7471655762935278,-0.2650618388814133,-0.3555829950036889,-1.0080559469640418,0.6371171527096334,0,-1.975131461898508,,,,,,
1,0,0,0,-0.7660748573693538,0.9038525351878244,0.903195694420282,1.7256339829840035,0.7574352364340124,-0.3555829950036889,0.9911705877184126,1.3189611196983422,0,-2.8547128687515175,0.6141254084899164,0.1008886874815482,1.010302471565581,0.5005969313585155,-1.9402398725172625,-0.1289958310216364
1,0,0,0,-0.1142033565606058,-1.822673328920161,0.7554796630284099,-0.7471655762935278,-0.6135082831805173,-0.3555829950036889,-1.0080559469640418,-2.5448213601316225,0,0.9149217309700568,-1.4171016880388407,-1.1891152097339777,-0.9875479113951852,-1.440763959714756,0.8954332165832953,1.088835777978328
1,0,1,0,1.0032906448258192,0.9038525351878244,0.8876216568377892,-1.9835653559322937,-1.0618098847802109,-0.3555829950036889,-1.0080559469640418,-1.6356960703587813,0,0.4123037840892044,-0.6622838525771195,-0.7591139106621356,-0.9875479113951852,-1.0524917815001018,1.1317393071053687,1.088835777978328
1,0,0,0,-0.6729503572538184,-0.4594103968661684,-1.3281924446123898,-0.7471655762935278,-1.931641932833717,-0.3555829950036889,-1.0080559469640418,-0.0447268142790753,0,1.4175396778509095,-0.7767681339052441,-0.7591139106621356,-0.9875479113951852,-0.5347955440099867,1.840657579380508,1.088835777978328
1,1,0,0,2.493282646674386,-1.822673328920161,0.225661556340612,-0.1289656864741449,-1.1731679895715494,-0.3555829950036889,-1.0080559469640418,-2.0902587152452017,0,0.5379582709978995,0.0204479435827184,-0.3291126115902937,1.010302471565581,0.1123247531438611,0.3046679892147332,0.4799199734783458
1,0,0,1,-1.04544835771596,0.9038525351878244,-0.0295315516422136,-0.7471655762935278,-0.4563308141110464,-0.3555829950036889,-1.0080559469640418,0.6371171527096334,0,-0.3416231358551105,-1.4171016880388407,-1.1891152097339777,-0.9875479113951852,-1.440763959714756,0.6591271253523029,-0.1289958310216364
1,1,0,0,1.0964151449413546,0.9038525351878244,0.8673525504062599,-0.1289656864741449,0.4929898565162007,-0.3555829950036889,-1.0080559469640418,-0.4992894591654961,0,0.7892672440613618,0.7667711169274158,1.820893883768916,1.010302471565581,0.7594450502977093,-0.0497911469228365,-0.1289958310216364
1,1,0,1,0.3514191440170712,-1.822673328920161,0.2883850500151448,-0.7471655762935278,-0.6493354512473617,-0.3555829950036889,-1.0080559469640418,-1.8629773931429137,0,-0.3416231358551105,0.0925339828846016,-0.3291126115902937,-0.9875479113951852,0.2417488124193217,0.1865149443081559,-0.7379116355216186
1,0,0,0,0.9101661447102836,-0.4594103968661684,0.7503269839661962,-1.3653654661129109,-0.2447877066880349,-0.3555829950036889,-1.0080559469640418,-0.0447268142790753,0,0.4123037840892044,0.1670576476590491,0.1008886874815482,1.010302471565581,0.5005969313585155,0.7772801709677991,1.088835777978328
1,1,0,0,-0.4867013570227475,-0.4594103968661684,0.9985810963214252,-1.3653654661129109,-1.3604792789519358,-0.3555829950036889,-1.0080559469640418,-0.0447268142790753,0,0.286649297934437,-0.1067678147792965,-0.3291126115902937,1.010302471565581,0.5005969313585155,0.3046679892147332,-0.1289958310216364
0,0,0,1,-0.9523238576004246,-0.4594103968661684,-0.3145287090206906,-0.7471655762935278,-0.9277307132257082,-0.3555829950036889,-1.0080559469640418,-1.8629773931429137,0,-1.4725135157715823,,,,,,
0,1,0,0,0.6307926443636774,0.9038525351878244,-0.572824009075733,-0.7471655762935278,-1.7646047756467091,-0.3555829950036889,-1.0080559469640418,-1.6356960703587813,0,0.4123037840892044,,,,,,
1,0,0,1,-1.04544835771596,-0.4594103968661684,0.6484599383427945,0.4892342033452379,-0.6020053356897681,-0.3555829950036889,0.9911705877184126,-0.0447268142790753,0,0.6636127579065945,-1.4171016880388407,-1.1891152097339777,-0.9875479113951852,-1.440763959714756,-0.28609723744491,-1.955743244521583
1,1,0,1,-0.7660748573693538,0.9038525351878244,0.3088774747296303,0.4892342033452379,0.1351059719641132,-0.3555829950036889,-1.0080559469640418,0.6371171527096334,0,-1.346859028862888,0.3342639416904018,0.5308899865533903,1.010302471565581,0.8888691095731699,-1.1131685553355453,-0.7379116355216186
0,0,0,1,-0.8591993574848892,-0.4594103968661684,-0.0047476066896145,-1.9835653559322937,-1.638874540930282,-0.3555829950036889,0.9911705877184126,0.6371171527096334,0,-0.9698955688907304,,,,,,
0,1,0,1,-0.5798258571382829,0.9038525351878244,-0.0958910459347874,-0.1289656864741449,-0.379289126107091,-0.3555829950036889,-1.0080559469640418,-1.408414748256493,0,-0.592932108918573,,,,,,
0,1,0,0,-0.7660748573693538,-0.4594103968661684,0.8363012398324222,-0.7471655762935278,1.4492930042950911,-0.3555829950036889,-1.0080559469640418,-0.0447268142790753,0,0.7892672440613618,,,,,,
0,1,0,0,0.1651701437860003,-0.4594103968661684,0.2199151919432306,-1.3653654661129109,-0.6941667431756109,-0.3555829950036889,-1.0080559469640418,-2.3175400373474897,0,0.5379582709978995,,,,,,
1,0,0,0,1.841411145865638,-0.4594103968661684,0.8531171024337033,0.4892342033452379,-0.7277355704061951,-0.3555829950036889,-1.0080559469640418,0.6371171527096334,0,0.6636127579065945,-1.4171016880388407,-1.1891152097339777,-0.9875479113951852,-1.440763959714756,0.8954332165832953,0.4799199734783458
0,1,0,1,-1.1385728578314955,-1.822673328920161,-0.8701415586548523,-0.7471655762935278,-0.2447877066880349,-0.3555829950036889,0.9911705877184126,-0.0447268142790753,0,-1.346859028862888,,,,,,
1,0,0,1,-0.8591993574848892,0.9038525351878244,0.3895083389571696,-0.7471655762935278,-0.030842681807987,-0.3555829950036889,-1.0080559469640418,-0.2720081363813634,0,-0.0903141620377204,-0.2848434732922805,-0.7591139106621356,-0.9875479113951852,-0.405371484346254,1.249892352720865,1.088835777978328
0,0,0,0,-0.5798258571382829,-0.4594103968661684,0.3917371024244727,0.4892342033452379,-0.4679261641352656,-0.3555829950036889,-1.0080559469640418,0.4098358306073453,0,0.4123037840892044,,,,,,
0,0,1,1,-1.04544835771596,0.9038525351878244,-0.3080815579644442,-1.3653654661129109,-0.4349681785027604,-0.3555829950036889,0.9911705877184126,-0.0447268142790753,0,-0.3416231358551105,,,,,,
0,1,0,0,-0.4867013570227475,-0.4594103968661684,0.5114781587978189,0.4892342033452379,0.7146175626839703,-0.3555829950036889,-1.0080559469640418,-0.2720081363813634,0,-1.598168001926351,,,,,,
1,0,0,1,-0.5798258571382829,0.9038525351878244,-0.2126616633972881,-0.1289656864741449,-0.523605216530935,-0.3555829950036889,0.9911705877184126,0.6371171527096334,0,-1.4725135157715823,-0.3230049004016554,0.1008886874815482,1.010302471565581,0.8888691095731699,-1.2313216002421232,-0.1289958310216364
0,0,0,0,-0.3935768569072121,0.9038525351878244,-0.772579594978228,-0.7471655762935278,-0.6020053356897681,-0.3555829950036889,0.9911705877184126,-0.4992894591654961,0,-0.592932108918573,,,,,,
0,1,0,0,1.0964151449413546,-0.4594103968661684,0.573448489012699,-0.7471655762935278,0.1449656600816501,-0.3555829950036889,-1.0080559469640418,-2.0902587152452017,0,-1.346859028862888,,,,,,
0,0,0,0,0.3514191440170712,0.9038525351878244,0.502131075925128,1.1074340931646207,0.2523771475507672,-0.3555829950036889,0.9911705877184126,0.4098358306073453,0,0.9149217309700568,,,,,,
0,1,0,0,2.586407146789921,-1.822673328920161,-0.8265547037554567,0.4892342033452379,0.9615655903092724,-0.3555829950036889,0.9911705877184126,-0.7265707812677842,0,0.4123037840892044,,,,,,
0,1,0,0,2.307033646443315,-0.4594103968661684,0.3287534915485317,0.4892342033452379,1.5230826516902911,-0.3555829950036889,0.9911705877184126,-0.0447268142790753,0,-0.3416231358551105,,,,,,
1,1,0,0,-1.04544835771596,0.9038525351878244,0.0717339211206684,-1.3653654661129109,-2.043000037625055,-0.3555829950036889,-1.0080559469640418,0.1825545078232127,0,-0.0903141620377204,-1.4171016880388407,-1.1891152097339777,-0.9875479113951852,-1.440763959714756,-0.28609723744491,-0.1289958310216364
0,1,0,0,1.18953964505689,-1.822673328920161,-0.8265547037554567,-1.3653654661129109,0.2348687267312324,-0.3555829950036889,-1.0080559469640418,0.6371171527096334,0,0.286649297934437,,,,,,
0,1,0,0,-0.3935768569072121,-0.4594103968661684,-0.5177231287457524,0.4892342033452379,0.0336075552903117,2.809907727435166,0.9911705877184126,1.0916797975960542,1,-0.9698955688907304,,,,,,
0,1,0,0,-0.5798258571382829,0.9038525351878244,0.4389591682131373,1.1074340931646207,1.1250783780386124,-0.3555829950036889,-1.0080559469640418,0.8643984748119214,0,0.9149217309700568,,,,,,
1,1,0,1,-1.1385728578314955,0.9038525351878244,-1.0405221866854903,0.4892342033452379,0.9023621684559352,-0.3555829950036889,0.9911705877184126,0.1825545078232127,0,-1.346859028862888,0.6188634375155131,-0.3291126115902937,1.010302471565581,-0.0170993061315996,-0.7587094191979756,-1.3468274400216007
1,0,0,0,0.4445436441326066,-1.822673328920161,-0.4507465888535639,-0.7471655762935278,-2.154358142416394,-0.3555829950036889,-1.0080559469640418,-2.7721026822339105,0,-2.3520949218706653,-0.7386067067958693,-0.3291126115902937,-0.9875479113951852,-1.0524917815001018,1.1317393071053687,1.088835777978328
1,0,0,1,-0.4867013570227475,-0.4594103968661684,-0.2352562657476793,0.4892342033452379,1.1163071933359832,-0.3555829950036889,0.9911705877184126,1.0916797975960542,0,-2.3520949218706653,1.592460800963148,0.9608912856252324,1.010302471565581,1.1477172285123636,-1.585780736379693,-0.7379116355216186
1,1,0,0,-0.2073278566761413,-1.822673328920161,0.6064143134236355,0.4892342033452379,0.0888643598214272,-0.3555829950036889,0.9911705877184126,0.1825545078232127,0,0.0353403241170469,0.8879508709282622,0.5308899865533903,1.010302471565581,0.6300209906339761,-0.6405563735824797,-0.7379116355216186
0,1,0,0,1.0964151449413546,0.9038525351878244,-0.1908141284525652,-0.7471655762935278,-0.6720565180105257,-0.3555829950036889,-1.0080559469640418,-1.408414748256493,0,-0.7185865958272676,,,,,,
0,0,0,0,3.517652147945275,0.9038525351878244,0.4752332106593868,-1.9835653559322937,0.50176104121883,-0.3555829950036889,-1.0080559469640418,0.6371171527096334,0,1.6688486509143718,,,,,,
1,1,0,0,0.2582946439015358,0.9038525351878244,0.5351793492122351,-0.7471655762935278,-0.0638006674404923,-0.3555829950036889,0.9911705877184126,-1.8629773931429137,0,0.160994811025742,0.2706725645055424,0.5308899865533903,1.010302471565581,-0.7936436625609083,-0.5224033279669839,0.4799199734783458
1,0,1,1,-1.1385728578314955,0.9038525351878244,0.1994000447068943,0.4892342033452379,-0.7805454403675253,-0.3555829950036889,0.9911705877184126,0.6371171527096334,0,-0.8442410819820356,-1.4171016880388407,-1.1891152097339777,-0.9875479113951852,-1.440763959714756,-0.4042502830604059,1.088835777978328
0,1,0,1,-0.9523238576004246,-0.4594103968661684,-0.6225337326510344,-1.3653654661129109,-0.9150468597865812,-0.3555829950036889,-1.0080559469640418,0.4098358306073453,0,-0.4672776220098779,,,,,,
0,1,0,0,0.0720456436704649,0.9038525351878244,0.5528495929481516,1.1074340931646207,1.4492930042950911,-0.3555829950036889,0.9911705877184126,0.6371171527096334,0,-0.0903141620377204,,,,,,
0,1,0,0,-0.3004523567916767,0.9038525351878244,0.4348030051946844,1.7256339829840035,1.272496590055571,-0.3555829950036889,0.9911705877184126,1.3189611196983422,0,0.160994811025742,,,,,,
0,0,0,0,0.2582946439015358,-0.4594103968661684,0.6484599383427945,-0.1289656864741449,0.3672596217997738,-0.3555829950036889,0.9911705877184126,0.1825545078232127,0,1.040576217878752,,,,,,
0,1,0,0,1.18953964505689,0.9038525351878244,-0.4507465888535639,0.4892342033452379,0.4337864346628633,-0.3555829950036889,0.9911705877184126,0.8643984748119214,0,1.040576217878752,,,,,,
0,0,0,0,1.18953964505689,-0.4594103968661684,-0.2182383019065798,1.1074340931646207,0.2563237648729888,2.809907727435166,0.9911705877184126,0.6371171527096334,1,0.7892672440613618,,,,,,
1,0,0,1,0.537668144248142,-0.4594103968661684,0.9371943313493142,-1.3653654661129109,-1.3402051467585572,2.809907727435166,0.9911705877184126,0.6371171527096334,1,-1.7238224888350453,0.6522868355992913,0.9608912856252324,1.010302471565581,1.0182931688486303,-2.0583929181327587,-0.7379116355216186
0,0,0,0,1.655162145634567,0.9038525351878244,1.0779925490417066,0.4892342033452379,0.6460771316426738,-0.3555829950036889,-1.0080559469640418,0.6371171527096334,0,0.6636127579065945,,,,,,
1,0,0,1,1.18953964505689,-1.822673328920161,0.0230390343073637,0.4892342033452379,-0.356568059343927,-0.3555829950036889,0.9911705877184126,0.4098358306073453,0,0.5379582709978995,0.8006957291199245,0.1008886874815482,1.010302471565581,0.8888691095731699,0.4228210348302294,-0.1289958310216364
0,1,0,1,-0.9523238576004246,0.9038525351878244,0.6822805289715903,0.4892342033452379,0.5126088016862501,-0.3555829950036889,-1.0080559469640418,0.1825545078232127,0,-0.4672776220098779,,,,,,
0,1,0,0,-0.3935768569072121,0.9038525351878244,0.6514705482955392,1.1074340931646207,0.8589336531078143,-0.3555829950036889,-1.0080559469640418,0.6371171527096334,0,0.286649297934437,,,,,,
0,1,0,0,1.0964151449413546,0.9038525351878244,0.3644826112776284,0.4892342033452379,2.04842594129394,-0.3555829950036889,0.9911705877184126,0.6371171527096334,0,1.4175396778509095,,,,,,
0,0,0,0,0.3514191440170712,-0.4594103968661684,0.790465482391997,-0.7471655762935278,0.8827432232858856,-0.3555829950036889,-1.0080559469640418,0.8643984748119214,0,0.7892672440613618,,,,,,
0,1,0,0,1.4689131454034965,0.9038525351878244,0.4242967784681413,1.1074340931646207,1.0049490885446446,2.809907727435166,-1.0080559469640418,0.4098358306073453,1,0.0353403241170469,,,,,,
0,1,0,0,0.9101661447102836,0.9038525351878244,0.5243458649212049,1.1074340931646207,0.4432128063888213,-0.3555829950036889,0.9911705877184126,0.8643984748119214,0,1.1662307040335194,,,,,,
1,0,0,1,-0.7660748573693538,-0.4594103968661684,-0.5922615204096352,-1.3653654661129109,-0.4157714811972644,-0.3555829950036889,-1.0080559469640418,-2.0902587152452017,0,-1.095550055799425,-1.4171016880388407,-1.1891152097339777,-0.9875479113951852,-1.440763959714756,0.1865149443081559,-0.1289958310216364
0,0,1,0,-0.6729503572538184,0.9038525351878244,-0.3210393798291498,0.4892342033452379,-1.8759628804380477,-0.3555829950036889,-1.0080559469640418,-0.9538521033700724,0,-1.221204541954193,,,,,,
0,1,0,0,-0.4867013570227475,0.9038525351878244,-0.3409653439472428,1.1074340931646207,0.5903980792470047,-0.3555829950036889,0.9911705877184126,0.6371171527096334,0,0.4123037840892044,,,,,,
1,0,0,0,-0.0210788564450704,-0.4594103968661684,0.3088774747296303,-0.7471655762935278,-0.2452099545525884,-0.3555829950036889,-1.0080559469640418,-0.7265707812677842,0,-1.221204541954193,-0.7386067067958693,-0.7591139106621356,1.010302471565581,-0.5347955440099867,-0.6405563735824797,1.088835777978328
1,0,1,0,-0.5798258571382829,-1.822673328920161,0.432715080103407,-0.1289656864741449,-0.5792842689266042,-0.3555829950036889,-1.0080559469640418,0.4098358306073453,0,0.7892672440613618,-1.4171016880388407,-1.1891152097339777,-0.9875479113951852,-1.440763959714756,0.8954332165832953,0.4799199734783458
0,1,0,0,-0.5798258571382829,-0.4594103968661684,1.5990986453922005,0.4892342033452379,-1.931641932833717,2.809907727435166,-1.0080559469640418,-0.2720081363813634,1,1.1662307040335194,,,,,,
0,0,0,0,-0.3004523567916767,-0.4594103968661684,0.5369677880349482,-0.1289656864741449,0.6565026442455405,-0.3555829950036889,0.9911705877184126,0.6371171527096334,0,1.040576217878752,,,,,,
1,1,0,0,2.2139091463277794,-0.4594103968661684,0.832886101783726,-0.7471655762935278,-1.416158331347605,-0.3555829950036889,0.9911705877184126,0.6371171527096334,0,0.160994811025742,-1.4171016880388407,-1.1891152097339777,-0.9875479113951852,-1.440763959714756,1.4861984432429385,0.4799199734783458
1,1,0,0,0.537668144248142,0.9038525351878244,0.8727470925402888,-1.9835653559322937,-1.5975676184597012,-0.3555829950036889,0.9911705877184126,-1.8629773931429137,0,-2.1007859488072027,0.275410593531139,-0.7591139106621356,1.010302471565581,-0.6642196032854475,-1.585780736379693,-1.3468274400216007
0,1,0,0,1.7482866457501025,-0.4594103968661684,0.1563541867608787,0.4892342033452379,0.6131191460101687,-0.3555829950036889,0.9911705877184126,0.6371171527096334,0,0.9149217309700568,,,,,,
1,0,0,1,-1.04544835771596,-0.4594103968661684,0.0191403342577163,0.4892342033452379,-1.0618098847802109,-0.3555829950036889,-1.0080559469640418,-1.6356960703587813,0,0.7892672440613618,-0.2043467272646209,-0.7591139106621356,-0.9875479113951852,0.7594450502977093,1.249892352720865,0.4799199734783458
0,0,0,0,1.3757886452879609,-0.4594103968661684,0.1467536148754892,1.1074340931646207,1.1488768796896585,2.809907727435166,0.9911705877184126,1.3189611196983422,1,-1.598168001926351,,,,,,
0,0,0,0,-0.3935768569072121,0.9038525351878244,-1.298817486740533,-0.7471655762935278,1.1957847473826988,-0.3555829950036889,0.9911705877184126,0.4098358306073453,0,0.160994811025742,,,,,,
1,1,0,0,-0.3935768569072121,-1.822673328920161,-0.3827157148254578,-0.7471655762935278,0.3589106849616981,-0.3555829950036889,0.9911705877184126,-0.2720081363813634,0,-0.0903141620377204,0.3088339916149173,-0.3291126115902937,1.010302471565581,0.2417488124193217,-0.4042502830604059,-1.3468274400216007
0,0,0,0,-0.3935768569072121,-0.4594103968661684,0.0789169020774104,-0.1289656864741449,-0.0224937449699112,-0.3555829950036889,-1.0080559469640418,-0.7265707812677842,0,0.4123037840892044,,,,,,
1,0,0,0,-0.3004523567916767,0.9038525351878244,0.5851745107264409,-0.1289656864741449,-0.5021501783891786,-0.3555829950036889,0.9911705877184126,-0.4992894591654961,0,0.7892672440613618,0.6395553585654011,0.9608912856252324,1.010302471565581,1.277141287787824,1.6043514888584347,0.4799199734783458
0,0,1,0,-0.3004523567916767,-0.4594103968661684,-1.1015650392159877,0.4892342033452379,-0.9475825975545332,-0.3555829950036889,0.9911705877184126,-0.7265707812677842,0,-0.2159686489464154,,,,,,
1,1,0,0,-0.2073278566761413,-0.4594103968661684,0.4221753392733438,0.4892342033452379,-0.6790470236937236,-0.3555829950036889,0.9911705877184126,0.1825545078232127,0,0.7892672440613618,0.4936051228006228,1.390892584697074,1.010302471565581,1.1477172285123636,1.4861984432429385,-0.1289958310216364
0,1,0,0,-0.7660748573693538,0.9038525351878244,0.0965400195703658,-0.7471655762935278,1.0137202732472737,-0.3555829950036889,0.9911705877184126,1.0916797975960542,0,1.040576217878752,,,,,,
0,0,0,0,-0.9523238576004246,-0.4594103968661684,-0.5003319213241877,0.4892342033452379,-0.1680758640151628,-0.3555829950036889,0.9911705877184126,-2.0902587152452017,0,0.286649297934437,,,,,,
1,1,0,1,-1.1385728578314955,0.9038525351878244,-0.0007058342022893681,0.4892342033452379,-1.0618098847802109,-0.3555829950036889,-1.0080559469640418,-0.7265707812677842,0,-0.4672776220098779,-0.2848434732922805,-0.3291126115902937,-0.9875479113951852,-0.5347955440099867,-0.28609723744491,-1.3468274400216007
0,0,0,0,-1.1385728578314955,0.9038525351878244,-0.5355844252795435,0.4892342033452379,0.381631751724862,2.809907727435166,0.9911705877184126,0.4098358306073453,1,0.0353403241170469,,,,,,
0,0,0,0,2.772656147020992,0.9038525351878244,0.4368843541330529,-0.1289656864741449,0.5075760820580634,-0.3555829950036889,-1.0080559469640418,-0.7265707812677842,0,-0.592932108918573,,,,,,
0,0,0,0,-0.4867013570227475,-0.4594103968661684,-0.0211665318244848,0.4892342033452379,-0.3092379437863335,-0.3555829950036889,0.9911705877184126,0.4098358306073453,0,0.7892672440613618,,,,,,
1,0,0,0,1.18953964505689,0.9038525351878244,-0.8552908720738063,-0.7471655762935278,0.7265538265662981,-0.3555829950036889,0.9911705877184126,-0.2720081363813634,0,1.5431941640056768,1.5390883775642847,0.9608912856252324,-0.9875479113951852,1.1477172285123636,1.6043514888584347,-0.1289958310216364
1,0,0,0,-0.0210788564450704,-0.4594103968661684,0.3113949167899524,0.4892342033452379,0.9580412208516044,-0.3555829950036889,0.9911705877184126,0.4098358306073453,0,0.160994811025742,1.581006437765087,1.390892584697074,1.010302471565581,0.8888691095731699,0.7772801709677991,-0.1289958310216364
1,0,0,0,-0.3004523567916767,-1.822673328920161,0.2645449910880734,1.1074340931646207,-0.4906472308984295,-0.3555829950036889,0.9911705877184126,0.1825545078232127,0,-1.4725135157715823,0.0077164665488281,0.5308899865533903,1.010302471565581,1.277141287787824,-1.585780736379693,-0.7379116355216186
0,0,0,0,-0.3004523567916767,-1.822673328920161,0.1402748596325443,-0.1289656864741449,0.2563237648729888,2.809907727435166,-1.0080559469640418,-0.0447268142790753,1,1.040576217878752,,,,,,
0,0,0,0,1.2826641451724254,0.9038525351878244,-0.0730227522399809,-0.1289656864741449,0.9580412208516044,-0.3555829950036889,-1.0080559469640418,0.4098358306073453,0,0.4123037840892044,,,,,,
0,1,0,1,-0.4867013570227475,-1.822673328920161,-0.0552813446291682,-1.3653654661129109,-1.931641932833717,-0.3555829950036889,-1.0080559469640418,-0.9538521033700724,0,-1.975131461898508,,,,,,
1,0,0,1,-0.3935768569072121,-1.822673328920161,-2.0849276391505205,-1.9835653559322937,0.3405389248710554,-0.3555829950036889,-1.0080559469640418,-0.9538521033700724,0,-0.592932108918573,0.3791384953067687,-0.7591139106621356,-0.9875479113951852,0.5005969313585155,-0.5224033279669839,1.088835777978328
0,1,0,1,-1.1385728578314955,0.9038525351878244,0.2805335389399892,-0.7471655762935278,0.938422275681555,-0.3555829950036889,0.9911705877184126,0.8643984748119214,0,1.1662307040335194,,,,,,
0,1,0,0,-0.3004523567916767,0.9038525351878244,0.8531171024337033,1.7256339829840035,1.8582454694792148,-0.3555829950036889,-1.0080559469640418,1.3189611196983422,0,0.160994811025742,,,,,,
1,0,0,0,-1.1385728578314955,-0.4594103968661684,-0.7107749812779072,-1.3653654661129109,-2.098679090020725,-0.3555829950036889,-1.0080559469640418,-2.5448213601316225,0,-1.095550055799425,-1.4171016880388407,-1.1891152097339777,-0.9875479113951852,-1.440763959714756,-0.1679441918294137,1.088835777978328
0,0,0,0,0.2582946439015358,0.9038525351878244,-0.1644828466934966,1.7256339829840035,0.5903980792470047,-0.3555829950036889,-1.0080559469640418,0.6371171527096334,0,-0.0903141620377204,,,,,,
1,1,0,1,-0.8591993574848892,0.9038525351878244,-1.002750321151585,0.4892342033452379,0.0331853074257581,-0.3555829950036889,0.9911705877184126,-0.0447268142790753,0,-1.598168001926351,0.1306954099939765,-0.7591139106621356,1.010302471565581,-0.6642196032854475,0.8954332165832953,1.088835777978328
0,0,0,0,1.841411145865638,-0.4594103968661684,0.7412119740516928,0.4892342033452379,-0.1334296018966963,-0.3555829950036889,-1.0080559469640418,-0.2720081363813634,0,0.160994811025742,,,,,,
0,1,0,0,-0.8591993574848892,0.9038525351878244,0.5666532852647969,-0.1289656864741449,0.0546403455675143,-0.3555829950036889,0.9911705877184126,0.6371171527096334,0,-0.9698955688907304,,,,,,
1,0,0,1,-0.1142033565606058,0.9038525351878244,0.0717339211206684,0.4892342033452379,-0.8036887549952426,-0.3555829950036889,-1.0080559469640418,0.4098358306073453,0,-0.4672776220098779,0.7734665896001375,1.820893883768916,1.010302471565581,1.277141287787824,1.4861984432429385,1.088835777978328
0,0,1,0,-0.2073278566761413,0.9038525351878244,-0.2953729404928667,-1.3653654661129109,-1.8759628804380477,-0.3555829950036889,-1.0080559469640418,-1.1811334261542046,0,-0.2159686489464154,,,,,,
1,1,0,1,-0.3935768569072121,-1.822673328920161,0.80847280207115,-1.3653654661129109,-0.6779585202788159,-0.3555829950036889,0.9911705877184126,-2.0902587152452017,0,-0.0903141620377204,-1.4171016880388407,-1.1891152097339777,-0.9875479113951852,-1.440763959714756,0.7772801709677991,1.088835777978328
0,0,0,1,1.2826641451724254,0.9038525351878244,0.1103077621676219,-0.7471655762935278,0.7822328789619676,-0.3555829950036889,0.9911705877184126,0.4098358306073453,0,-0.7185865958272676,,,,,,
0,1,0,0,0.4445436441326066,-1.822673328920161,-0.3755715615511873,0.4892342033452379,0.1449656600816501,-0.3555829950036889,-1.0080559469640418,-0.9538521033700724,0,0.5379582709978995,,,,,,
1,0,0,1,-0.6729503572538184,-0.4594103968661684,0.0789169020774104,1.1074340931646207,0.3224283298715246,-0.3555829950036889,-1.0080559469640418,0.4098358306073453,0,-0.2159686489464154,1.8977522178381472,1.820893883768916,1.010302471565581,1.277141287787824,-0.0497911469228365,1.088835777978328
0,1,0,1,-1.1385728578314955,0.9038525351878244,-0.1908141284525652,-0.7471655762935278,-0.7893166250701545,-0.3555829950036889,-1.0080559469640418,0.1825545078232127,0,-0.9698955688907304,,,,,,
1,0,0,0,-0.3935768569072121,-0.4594103968661684,-0.772579594978228,1.1074340931646207,0.82748641875477,2.809907727435166,0.9911705877184126,0.8643984748119214,1,-1.095550055799425,1.061852637632336,1.820893883768916,1.010302471565581,1.277141287787824,-1.3494746458576192,-0.7379116355216186
0,1,0,0,0.1651701437860003,0.9038525351878244,0.6851412595934805,-0.7471655762935278,0.4460819888231605,-0.3555829950036889,-1.0080559469640418,-0.4992894591654961,0,-0.0903141620377204,,,,,,
0,0,0,0,0.2582946439015358,0.9038525351878244,0.3336304711871229,1.7256339829840035,0.2006447124773195,-0.3555829950036889,-1.0080559469640418,0.8643984748119214,0,1.2918851909422144,,,,,,
1,1,0,1,-0.9523238576004246,0.9038525351878244,-0.64351415325845,0.4892342033452379,-0.3004667590837041,2.809907727435166,0.9911705877184126,0.4098358306073453,1,-0.2159686489464154,0.5632325043466511,0.5308899865533903,1.010302471565581,0.2417488124193217,-0.0497911469228365,-0.1289958310216364
1,0,0,0,-1.1385728578314955,-0.4594103968661684,-0.8407666007829956,0.4892342033452379,-1.0820840169735892,2.809907727435166,0.9911705877184126,0.4098358306073453,1,-1.095550055799425,-1.4171016880388407,-1.1891152097339777,-0.9875479113951852,-1.440763959714756,-0.6405563735824797,-0.1289958310216364
0,0,0,0,-0.1142033565606058,0.9038525351878244,-0.0958910459347874,1.1074340931646207,1.03751877489832,-0.3555829950036889,0.9911705877184126,-0.0447268142790753,0,1.040576217878752,,,,,,
0,0,0,1,-0.1142033565606058,-0.4594103968661684,-0.1748897978633827,0.4892342033452379,0.3589106849616981,-0.3555829950036889,0.9911705877184126,0.6371171527096334,0,0.7892672440613618,,,,,,
1,1,0,1,-0.8591993574848892,-1.822673328920161,0.1103077621676219,-1.3653654661129109,-1.11748893717588,-0.3555829950036889,0.9911705877184126,-2.3175400373474897,0,-0.592932108918573,0.3536908913970136,-0.3291126115902937,1.010302471565581,1.0182931688486303,0.3046679892147332,-0.7379116355216186
0,1,0,0,0.537668144248142,-1.822673328920161,0.3012670903302962,0.4892342033452379,-0.9150468597865812,-0.3555829950036889,-1.0080559469640418,-0.2720081363813634,0,0.160994811025742,,,,,,
0,1,0,0,0.6307926443636774,0.9038525351878244,0.9732311706377064,1.1074340931646207,0.724477250801507,-0.3555829950036889,0.9911705877184126,1.3189611196983422,0,-0.4672776220098779,,,,,,
0,1,0,0,1.9345356459811731,0.9038525351878244,-0.772579594978228,1.7256339829840035,2.159784046085279,-0.3555829950036889,0.9911705877184126,1.3189611196983422,0,1.6688486509143718,,,,,,
0,1,0,1,0.9101661447102836,-0.4594103968661684,0.3574896598668813,0.4892342033452379,0.0248363705876823,2.809907727435166,0.9911705877184126,0.6371171527096334,1,0.0353403241170469,,,,,,
0,1,0,1,-1.1385728578314955,0.9038525351878244,0.0824793244063503,-1.9835653559322937,-1.7646047756467091,-0.3555829950036889,-1.0080559469640418,-0.4992894591654961,0,-0.9698955688907304,,,,,,
1,0,0,0,-0.6729503572538184,0.9038525351878244,0.5528495929481516,0.4892342033452379,0.4929898565162007,-0.3555829950036889,0.9911705877184126,0.6371171527096334,0,1.1662307040335194,0.6631562000809227,1.390892584697074,1.010302471565581,1.1477172285123636,1.249892352720865,-0.1289958310216364
1,0,0,0,0.2582946439015358,0.9038525351878244,-0.0253358058541307,-0.7471655762935278,-0.1008938641287445,-0.3555829950036889,-1.0080559469640418,-0.4992894591654961,0,0.4123037840892044,0.1222007478769528,-0.3291126115902937,-0.9875479113951852,0.3711728720830549,0.6591271253523029,1.088835777978328
0,0,0,0,0.4445436441326066,-0.4594103968661684,-0.5446994351940471,-1.3653654661129109,-1.02640496457792,-0.3555829950036889,0.9911705877184126,-0.7265707812677842,0,0.5379582709978995,,,,,,
1,1,0,0,-0.9523238576004246,0.9038525351878244,-0.435011851650174,0.4892342033452379,0.0794269195684439,2.809907727435166,0.9911705877184126,1.0916797975960542,1,-0.9698955688907304,-0.7004452796864945,-0.3291126115902937,-0.9875479113951852,0.3711728720830549,0.5409740804457256,-1.955743244521583
0,0,0,1,-0.9523238576004246,-1.822673328920161,0.0497042898006821,-1.3653654661129109,-0.3561458114793734,-0.3555829950036889,0.9911705877184126,0.6371171527096334,0,0.9149217309700568,,,,,,
0,0,0,1,0.4445436441326066,-0.4594103968661684,0.1843463700297521,1.1074340931646207,0.5574400936144993,2.809907727435166,0.9911705877184126,1.3189611196983422,1,1.5431941640056768,,,,,,
1,0,0,1,1.4689131454034965,-0.4594103968661684,-0.4587567201598271,-1.9835653559322937,-0.5379773464560231,-0.3555829950036889,0.9911705877184126,1.0916797975960542,0,0.4123037840892044,0.7164423500008373,0.1008886874815482,1.010302471565581,0.8888691095731699,-0.1679441918294137,0.4799199734783458
0,0,0,0,-0.5798258571382829,0.9038525351878244,-0.0552813446291682,1.1074340931646207,0.6565026442455405,2.809907727435166,0.9911705877184126,0.1825545078232127,1,0.6636127579065945,,,,,,
1,1,0,1,0.1651701437860003,-0.4594103968661684,-0.1441480809900523,1.1074340931646207,0.7702966150796393,-0.3555829950036889,0.9911705877184126,0.6371171527096334,0,0.286649297934437,1.3138764479994622,0.1008886874815482,1.010302471565581,0.8888691095731699,-1.3494746458576192,0.4799199734783458
0,1,0,0,2.307033646443315,-1.822673328920161,0.0497042898006821,-0.7471655762935278,-0.1680758640151628,-0.3555829950036889,-1.0080559469640418,0.4098358306073453,0,1.2918851909422144,,,,,,
1,1,0,0,0.4445436441326066,-0.4594103968661684,0.8225334972351661,-1.9835653559322937,-2.154358142416394,-0.3555829950036889,-1.0080559469640418,-2.7721026822339105,0,-1.598168001926351,0.3088339916149173,-0.3291126115902937,1.010302471565581,-1.0524917815001018,-1.585780736379693,-0.1289958310216364
0,0,0,1,-0.1142033565606058,-0.4594103968661684,-0.1100017829557541,0.4892342033452379,0.6687981984058378,-0.3555829950036889,-1.0080559469640418,-0.2720081363813634,0,0.286649297934437,,,,,,
1,0,0,1,-0.5798258571382829,-1.822673328920161,0.0269148679495745,-1.3653654661129109,-1.5629213563412343,-0.3555829950036889,0.9911705877184126,0.1825545078232127,0,-1.346859028862888,1.0491388144327165,0.1008886874815482,1.010302471565581,0.2417488124193217,-0.8768624641045535,-0.1289958310216364
0,1,0,1,-0.0210788564450704,-0.4594103968661684,0.5077551757582198,-1.3653654661129109,-1.2491211741605972,-0.3555829950036889,-1.0080559469640418,-0.2720081363813634,0,0.6636127579065945,,,,,,
0,0,0,1,-0.9523238576004246,0.9038525351878244,-0.2829041226217235,0.4892342033452379,1.1988680254338124,-0.3555829950036889,-1.0080559469640418,0.1825545078232127,0,0.160994811025742,,,,,,
1,0,0,1,-0.9523238576004246,0.9038525351878244,0.1237945107172101,0.4892342033452379,0.2129063180518928,-0.3555829950036889,-1.0080559469640418,0.6371171527096334,0,-0.4672776220098779,-1.4171016880388407,-1.1891152097339777,-0.9875479113951852,-1.440763959714756,0.8954332165832953,-0.7379116355216186
0,0,1,1,-0.0210788564450704,-1.822673328920161,-0.0552813446291682,-1.3653654661129109,-1.4288421847867316,-0.3555829950036889,0.9911705877184126,-2.7721026822339105,0,-1.7238224888350453,,,,,,
0,0,0,0,-0.7660748573693538,-0.4594103968661684,-0.017023397615718,0.4892342033452379,0.0248363705876823,-0.3555829950036889,-1.0080559469640418,1.0916797975960542,0,-0.7185865958272676,,,,,,
0,0,0,0,2.493282646674386,0.9038525351878244,-0.0380038182231336,-0.1289656864741449,-0.2122519689200832,-0.3555829950036889,0.9911705877184126,-0.2720081363813634,0,-0.592932108918573,,,,,,
0,1,0,0,-0.1142033565606058,-0.4594103968661684,-0.4750742835732558,0.4892342033452379,1.357133997918191,2.809907727435166,0.9911705877184126,-0.0447268142790753,1,-0.4672776220098779,,,,,,
0,1,0,0,0.4445436441326066,0.9038525351878244,0.3432777628393418,1.7256339829840035,0.9261606701069816,-0.3555829950036889,-1.0080559469640418,0.1825545078232127,0,0.0353403241170469,,,,,,
0,0,0,0,-0.2073278566761413,-1.822673328920161,-0.2646312236195357,-0.7471655762935278,0.6796459588732582,-0.3555829950036889,-1.0080559469640418,-0.4992894591654961,0,-0.0903141620377204,,,,,,
0,0,0,0,-0.3004523567916767,-0.4594103968661684,0.2564032732139429,0.4892342033452379,0.3445385550366097,-0.3555829950036889,0.9911705877184126,0.8643984748119214,0,0.6636127579065945,,,,,,
0,1,0,0,0.537668144248142,0.9038525351878244,-0.2071316918659932,1.7256339829840035,1.087509920642474,-0.3555829950036889,0.9911705877184126,0.4098358306073453,0,1.2918851909422144,,,,,,
0,0,0,0,-0.7660748573693538,-0.4594103968661684,0.5545909055279036,0.4892342033452379,-0.3995632583004693,-0.3555829950036889,-1.0080559469640418,0.4098358306073453,0,-0.2159686489464154,,,,,,
0,0,1,1,-0.8591993574848892,-0.4594103968661684,-0.64351415325845,-1.9835653559322937,0.1676867268448141,-0.3555829950036889,-1.0080559469640418,-0.0447268142790753,0,-1.221204541954193,,,,,,
0,1,0,0,-0.3935768569072121,-1.822673328920161,0.0824793244063503,1.7256339829840035,1.4384452438276711,2.809907727435166,0.9911705877184126,0.8643984748119214,1,1.6688486509143718,,,,,,
0,0,0,0,-0.3935768569072121,0.9038525351878244,-0.0640925117218005,-0.1289656864741449,0.1676867268448141,-0.3555829950036889,-1.0080559469640418,0.1825545078232127,0,0.7892672440613618,,,,,,
0,0,0,0,-0.2073278566761413,0.9038525351878244,-0.4587567201598271,1.1074340931646207,0.7157060660988779,-0.3555829950036889,0.9911705877184126,-0.0447268142790753,0,0.0353403241170469,,,,,,
0,0,0,0,0.3514191440170712,0.9038525351878244,0.9234060690190488,1.1074340931646207,0.2006447124773195,-0.3555829950036889,-1.0080559469640418,-0.0447268142790753,0,1.040576217878752,,,,,,
1,1,0,1,-0.7660748573693538,0.9038525351878244,-0.0775335393220058,-0.7471655762935278,-1.0589407023458717,-0.3555829950036889,-1.0080559469640418,0.6371171527096334,0,-1.7238224888350453,-1.4171016880388407,-1.1891152097339777,-0.9875479113951852,-1.440763959714756,-0.9950155097200494,-0.1289958310216364
0,0,0,0,1.9345356459811731,-0.4594103968661684,-0.017023397615718,0.4892342033452379,-0.6923306502039039,-0.3555829950036889,0.9911705877184126,-0.7265707812677842,0,0.5379582709978995,,,,,,
1,1,0,1,-1.04544835771596,-0.4594103968661684,0.5077551757582198,1.1074340931646207,-1.3048002265562666,-0.3555829950036889,0.9911705877184126,-0.0447268142790753,0,0.160994811025742,0.1670576476590491,0.9608912856252324,1.010302471565581,0.6300209906339761,1.1317393071053687,-0.7379116355216186
1,0,0,0,-0.3935768569072121,0.9038525351878244,1.5066505760359308,-0.1289656864741449,-0.3561458114793734,-0.3555829950036889,0.9911705877184126,0.6371171527096334,0,-0.7185865958272676,1.138175491851086,-0.7591139106621356,1.010302471565581,1.277141287787824,0.8954332165832953,1.088835777978328
0,1,0,0,2.9589051472520627,0.9038525351878244,0.9184111265558592,0.4892342033452379,0.0997121202888474,2.809907727435166,0.9911705877184126,-0.7265707812677842,1,-0.9698955688907304,,,,,,
1,1,0,1,-1.04544835771596,0.9038525351878244,0.8673525504062599,1.1074340931646207,-0.3764199436727519,-0.3555829950036889,0.9911705877184126,0.6371171527096334,0,-0.0903141620377204,0.8710455020854616,0.1008886874815482,1.010302471565581,1.277141287787824,-0.5224033279669839,-1.3468274400216007
0,0,0,1,-0.6729503572538184,0.9038525351878244,-1.1232334637810686,-1.3653654661129109,0.6708747741706288,-0.3555829950036889,-1.0080559469640418,0.4098358306073453,0,0.9149217309700568,,,,,,
0,0,0,0,2.0276601460967085,0.9038525351878244,0.6159916947090461,0.4892342033452379,-0.1680758640151628,-0.3555829950036889,0.9911705877184126,1.0916797975960542,0,1.5431941640056768,,,,,,
1,0,0,0,0.1651701437860003,0.9038525351878244,-1.4608012071091223,-0.1289656864741449,0.1445434122170965,-0.3555829950036889,-1.0080559469640418,-2.0902587152452017,0,0.5379582709978995,1.1126826186676446,0.5308899865533903,1.010302471565581,0.6300209906339761,0.0683618986926597,-1.3468274400216007
0,0,0,0,0.3514191440170712,-1.822673328920161,-0.4046236131172566,-1.3653654661129109,-0.2266240988451711,-0.3555829950036889,-1.0080559469640418,-0.9538521033700724,0,0.6636127579065945,,,,,,
1,0,0,0,0.2582946439015358,0.9038525351878244,-0.2468500322730232,-1.3653654661129109,0.6460771316426738,2.809907727435166,0.9911705877184126,0.8643984748119214,1,1.2918851909422144,0.7667711169274158,0.9608912856252324,1.010302471565581,0.7594450502977093,0.4228210348302294,-1.3468274400216007
0,0,0,1,-0.7660748573693538,-0.4594103968661684,-0.6875856636556578,1.1074340931646207,1.215729034244994,-0.3555829950036889,0.9911705877184126,1.3189611196983422,0,0.6636127579065945,,,,,,
0,0,0,0,0.1651701437860003,-0.4594103968661684,-0.8552908720738063,0.4892342033452379,0.2006447124773195,-0.3555829950036889,0.9911705877184126,-0.7265707812677842,0,0.286649297934437,,,,,,
0,1,0,0,-0.2073278566761413,-0.4594103968661684,-0.5446994351940471,1.1074340931646207,0.4233609220599966,-0.3555829950036889,0.9911705877184126,0.6371171527096334,0,1.4175396778509095,,,,,,
0,1,0,0,-0.3935768569072121,0.9038525351878244,-1.2706929128588471,-0.7471655762935278,-0.2122519689200832,2.809907727435166,0.9911705877184126,-0.7265707812677842,1,1.2918851909422144,,,,,,
0,0,0,1,4.355772648985094,0.9038525351878244,-0.6542595565441318,1.1074340931646207,1.691208312292207,2.809907727435166,0.9911705877184126,0.8643984748119214,1,0.7892672440613618,,,,,,
1,1,0,1,-0.6729503572538184,-0.4594103968661684,0.3961722045864553,-1.3653654661129109,-0.3764199436727519,-0.3555829950036889,0.9911705877184126,0.6371171527096334,0,-2.226440435715898,0.1816182332529022,-0.7591139106621356,-0.9875479113951852,0.5005969313585155,-1.3494746458576192,-0.1289958310216364
0,1,0,0,3.052029647367598,-1.822673328920161,-0.6651825778235311,-0.1289656864741449,0.3120028172686582,-0.3555829950036889,-1.0080559469640418,-1.1811334261542046,0,0.160994811025742,,,,,,
1,1,0,1,-0.7660748573693538,0.9038525351878244,-0.7856657204530147,-0.7471655762935278,-1.284526094362888,-0.3555829950036889,0.9911705877184126,-2.7721026822339105,0,0.0353403241170469,-0.0940363377454061,-0.3291126115902937,1.010302471565581,0.2417488124193217,-1.2313216002421232,-1.3468274400216007
0,1,0,0,1.4689131454034965,0.9038525351878244,-0.3615108663871719,0.4892342033452379,0.50176104121883,2.809907727435166,0.9911705877184126,0.4098358306073453,1,0.4123037840892044,,,,,,
1,0,0,0,-0.4867013570227475,0.9038525351878244,0.1689417624257904,-1.9835653559322937,-1.674279461132573,-0.3555829950036889,0.9911705877184126,-0.0447268142790753,0,1.4175396778509095,-1.4171016880388407,-1.1891152097339777,-0.9875479113951852,-1.440763959714756,1.249892352720865,1.088835777978328
1,1,0,0,0.2582946439015358,0.9038525351878244,0.2023700620283025,-1.3653654661129109,0.8935909837533058,-0.3555829950036889,0.9911705877184126,-0.0447268142790753,0,-0.2159686489464154,0.5801378731894515,0.9608912856252324,1.010302471565581,0.7594450502977093,0.3046679892147332,-1.3468274400216007
0,0,0,0,-0.2073278566761413,0.9038525351878244,0.0930527938438797,-1.9835653559322937,0.2233657792404835,-0.3555829950036889,-1.0080559469640418,-1.1811334261542046,0,0.5379582709978995,,,,,,
0,1,0,1,-1.1385728578314955,-0.4594103968661684,-0.4587567201598271,-0.1289656864741449,1.272496590055571,2.809907727435166,0.9911705877184126,1.3189611196983422,1,-1.221204541954193,,,,,,
1,0,0,1,0.7239171444792128,-0.4594103968661684,-0.0295315516422136,0.4892342033452379,-0.8362244927631944,-0.3555829950036889,0.9911705877184126,-0.2720081363813634,0,-1.975131461898508,-1.4171016880388407,-1.1891152097339777,-0.9875479113951852,-1.440763959714756,-1.822086827610685,-0.7379116355216186
0,0,0,0,-0.2073278566761413,-0.4594103968661684,0.0230390343073637,0.4892342033452379,0.1918735277746902,-0.3555829950036889,0.9911705877184126,1.3189611196983422,0,-2.226440435715898,,,,,,
0,1,0,0,1.9345356459811731,0.9038525351878244,-0.7471600094892847,-0.1289656864741449,0.7822328789619676,-0.3555829950036889,-1.0080559469640418,-0.7265707812677842,0,-0.4672776220098779,,,,,,
1,0,0,1,-0.4867013570227475,0.9038525351878244,-0.9168076061173648,0.4892342033452379,1.1394505079637005,-0.3555829950036889,0.9911705877184126,0.8643984748119214,0,-0.592932108918573,1.515552948027968,0.9608912856252324,1.010302471565581,0.8888691095731699,-1.7039337819951887,-1.955743244521583
1,1,0,1,1.0032906448258192,-1.822673328920161,-0.5265934329579053,0.4892342033452379,-0.6691873355761866,-0.3555829950036889,0.9911705877184126,0.6371171527096334,0,-0.592932108918573,0.601393931456026,1.390892584697074,1.010302471565581,0.8888691095731699,0.3046679892147332,0.4799199734783458
0,1,0,0,2.2139091463277794,-0.4594103968661684,-0.772579594978228,1.1074340931646207,1.4215842350164896,-0.3555829950036889,-1.0080559469640418,0.6371171527096334,0,1.4175396778509095,,,,,,
0,0,0,1,-0.8591993574848892,-0.4594103968661684,-0.4428323895706453,-1.3653654661129109,-1.3748514088770238,-0.3555829950036889,-1.0080559469640418,-0.2720081363813634,0,-1.7238224888350453,,,,,,
0,0,0,0,0.6307926443636774,-1.822673328920161,-0.572824009075733,0.4892342033452379,-0.2595820844776766,-0.3555829950036889,-1.0080559469640418,-0.0447268142790753,0,0.5379582709978995,,,,,,
1,1,0,1,-1.04544835771596,-1.822673328920161,-0.8265547037554567,-0.7471655762935278,0.4691802863381289,-0.3555829950036889,-1.0080559469640418,0.1825545078232127,0,-0.7185865958272676,0.0907347934402993,0.5308899865533903,-0.9875479113951852,0.5005969313585155,-0.9950155097200494,-0.1289958310216364
0,0,0,0,-0.6729503572538184,-0.4594103968661684,0.0112732444199535,-1.3653654661129109,0.2475525801703596,-0.3555829950036889,0.9911705877184126,-0.4992894591654961,0,-0.7185865958272676,,,,,,
0,0,0,0,-0.5798258571382829,-0.4594103968661684,-0.7990162299047809,-1.3653654661129109,0.1918735277746902,-0.3555829950036889,0.9911705877184126,0.8643984748119214,0,0.286649297934437,,,,,,
0,0,0,1,-0.1142033565606058,-1.822673328920161,-0.129297394409006,-0.1289656864741449,0.5475804054969623,-0.3555829950036889,0.9911705877184126,-0.0447268142790753,0,-1.4725135157715823,,,,,,
1,0,0,0,0.6307926443636774,0.9038525351878244,-0.1593401924000034,-1.3653654661129109,0.5347190268513354,2.809907727435166,0.9911705877184126,0.8643984748119214,1,1.040576217878752,2.1456103044345087,1.820893883768916,1.010302471565581,1.1477172285123636,0.3046679892147332,1.088835777978328
1,1,0,1,-0.4867013570227475,-1.822673328920161,0.6794073603513722,-1.3653654661129109,-2.098679090020725,2.809907727435166,0.9911705877184126,1.0916797975960542,1,-0.0903141620377204,0.7880271751939905,1.820893883768916,1.010302471565581,1.277141287787824,0.0683618986926597,-0.1289958310216364
0,0,0,1,-1.1385728578314955,-0.4594103968661684,-1.3589341614857204,-0.7471655762935278,-1.0032616499502025,-0.3555829950036889,0.9911705877184126,0.8643984748119214,0,-1.346859028862888,,,,,,
1,1,0,0,-0.6729503572538184,0.9038525351878244,-0.3342563752403276,-0.7471655762935278,-1.3402051467585572,-0.3555829950036889,0.9911705877184126,-0.2720081363813634,0,-0.0903141620377204,-1.4171016880388407,-1.1891152097339777,-0.9875479113951852,-1.440763959714756,-0.0497911469228365,1.088835777978328
0,1,0,0,0.8170416445947483,-1.822673328920161,-0.2586508412506433,1.1074340931646207,1.1488768796896585,2.809907727435166,-1.0080559469640418,1.0916797975960542,1,0.286649297934437,,,,,,
0,1,0,0,-1.1385728578314955,0.9038525351878244,-1.6758493570692718,0.4892342033452379,-0.1565729165244138,-0.3555829950036889,-1.0080559469640418,-0.2720081363813634,0,-0.4672776220098779,,,,,,
1,1,0,1,-1.04544835771596,0.9038525351878244,-0.7226821095770735,-0.7471655762935278,-1.0120328346528318,-0.3555829950036889,0.9911705877184126,0.8643984748119214,0,-2.3520949218706653,-1.4171016880388407,-1.1891152097339777,-0.9875479113951852,-1.440763959714756,-1.585780736379693,-0.7379116355216186
0,1,0,0,-0.3004523567916767,-1.822673328920161,-0.9168076061173648,-1.9835653559322937,-0.5379773464560231,-0.3555829950036889,0.9911705877184126,-0.0447268142790753,0,-0.2159686489464154,,,,,,
1,0,1,0,1.5620376455190317,-0.4594103968661684,-0.8126420269013093,0.4892342033452379,-0.5231829686663815,-0.3555829950036889,-1.0080559469640418,1.3189611196983422,0,0.5379582709978995,0.3469954187242922,1.390892584697074,1.010302471565581,1.277141287787824,0.0683618986926597,-1.3468274400216007
0,0,0,1,-0.5798258571382829,-1.822673328920161,-0.8853336700648033,-1.9835653559322937,-1.1731679895715494,-0.3555829950036889,-1.0080559469640418,-0.0447268142790753,0,0.5379582709978995,,,,,,
0,0,0,0,-0.3004523567916767,0.9038525351878244,-0.4428323895706453,-0.7471655762935278,-0.379289126107091,-0.3555829950036889,-1.0080559469640418,-0.7265707812677842,0,-0.0903141620377204,,,,,,
1,0,0,0,-1.1385728578314955,0.9038525351878244,-1.3281924446123898,0.4892342033452379,1.579850207500868,-0.3555829950036889,0.9911705877184126,0.6371171527096334,0,-1.346859028862888,1.6809777064492897,1.820893883768916,1.010302471565581,0.3711728720830549,-0.4042502830604059,-0.1289958310216364
1,1,0,1,-0.7660748573693538,-0.4594103968661684,-1.2437166064105525,-0.1289656864741449,-1.3191723564813544,-0.3555829950036889,0.9911705877184126,-1.6356960703587813,0,-1.84947697574374,0.7734665896001375,0.9608912856252324,1.010302471565581,0.3711728720830549,-0.9950155097200494,-0.7379116355216186
0,1,0,0,-0.0210788564450704,0.9038525351878244,-0.9846443189154434,-1.9835653559322937,-1.12339093944417,-0.3555829950036889,0.9911705877184126,-0.0447268142790753,0,0.7892672440613618,,,,,,
0,0,0,1,-0.4867013570227475,-1.822673328920161,0.2398125840509579,0.4892342033452379,-0.2122519689200832,-0.3555829950036889,0.9911705877184126,-0.2720081363813634,0,-0.3416231358551105,,,,,,
0,1,0,0,-0.6729503572538184,-0.4594103968661684,-1.1015650392159877,0.4892342033452379,-0.1222564997370305,-0.3555829950036889,-1.0080559469640418,0.1825545078232127,0,-0.592932108918573,,,,,,
0,0,0,0,-0.3935768569072121,0.9038525351878244,-0.4272827841072659,-0.1289656864741449,-1.583195488534613,-0.3555829950036889,-1.0080559469640418,0.1825545078232127,0,0.286649297934437,,,,,,
1,0,1,0,-0.3004523567916767,0.9038525351878244,-1.5812843497386062,0.4892342033452379,0.2006447124773195,-0.3555829950036889,0.9911705877184126,1.0916797975960542,0,0.6636127579065945,-1.4171016880388407,-1.1891152097339777,-0.9875479113951852,-1.440763959714756,0.5409740804457256,-0.7379116355216186
0,1,0,0,1.2826641451724254,0.9038525351878244,-0.1491734112279074,1.1074340931646207,1.283344350522991,-0.3555829950036889,-1.0080559469640418,0.8643984748119214,0,1.1662307040335194,,,,,,
1,1,0,0,-1.04544835771596,0.9038525351878244,-1.498573072643028,-1.3653654661129109,-2.043000037625055,-0.3555829950036889,-1.0080559469640418,-2.7721026822339105,0,1.2918851909422144,-0.4756506088391551,-0.7591139106621356,-0.9875479113951852,-1.0524917815001018,1.3680453976274425,0.4799199734783458
0,1,0,0,-0.6729503572538184,-0.4594103968661684,-1.298817486740533,-0.7471655762935278,0.0805154229833515,-0.3555829950036889,0.9911705877184126,0.4098358306073453,0,0.0353403241170469,,,,,,
1,1,0,0,-1.1385728578314955,-0.4594103968661684,-1.391176055488331,1.1074340931646207,-0.4675039162707119,-0.3555829950036889,-1.0080559469640418,-0.9538521033700724,0,-1.84947697574374,0.0543725557752267,0.9608912856252324,-0.9875479113951852,0.6300209906339761,-1.3494746458576192,1.088835777978328
0,1,0,0,0.0720456436704649,-1.822673328920161,-0.1342106344520975,0.4892342033452379,0.2563237648729888,-0.3555829950036889,0.9911705877184126,1.0916797975960542,0,0.160994811025742,,,,,,
1,0,1,1,-0.7660748573693538,-0.4594103968661684,-1.1456365496131953,-1.3653654661129109,0.3032316325660287,-0.3555829950036889,-1.0080559469640418,-0.0447268142790753,0,0.9149217309700568,-1.4171016880388407,-1.1891152097339777,-0.9875479113951852,-1.440763959714756,1.1317393071053687,1.088835777978328
0,1,0,0,-1.1385728578314955,-0.4594103968661684,-0.2829041226217235,0.4892342033452379,0.0563286220534755,2.809907727435166,0.9911705877184126,0.4098358306073453,1,1.1662307040335194,,,,,,
0,0,0,0,0.0720456436704649,-1.822673328920161,-0.2071316918659932,0.4892342033452379,0.0794269195684439,-0.3555829950036889,0.9911705877184126,1.0916797975960542,0,0.4123037840892044,,,,,,
0,1,0,1,-0.4867013570227475,-1.822673328920161,-0.1801553854176981,-1.3653654661129109,-0.5231829686663815,-0.3555829950036889,-1.0080559469640418,-1.6356960703587813,0,-0.4672776220098779,,,,,,
0,0,0,0,-0.9523238576004246,-0.4594103968661684,-0.6651825778235311,1.1074340931646207,1.0137202732472737,-0.3555829950036889,-1.0080559469640418,0.8643984748119214,0,-0.0903141620377204,,,,,,
0,1,0,0,1.4689131454034965,-0.4594103968661684,-0.3477431237899158,1.1074340931646207,-0.3236100737114216,-0.3555829950036889,-1.0080559469640418,0.6371171527096334,0,0.9149217309700568,,,,,,
0,1,0,0,2.120784646212244,0.9038525351878244,-0.1005612260906563,-1.3653654661129109,0.2150168424024077,-0.3555829950036889,0.9911705877184126,0.4098358306073453,0,0.4123037840892044,,,,,,
0,1,0,0,0.6307926443636774,0.9038525351878244,-0.3210393798291498,0.4892342033452379,-0.0452148117330751,-0.3555829950036889,0.9911705877184126,0.4098358306073453,0,0.9149217309700568,,,,,,
1,1,0,1,-0.8591993574848892,0.9038525351878244,-0.8407666007829956,-0.7471655762935278,-0.5271295859886029,-0.3555829950036889,0.9911705877184126,-0.7265707812677842,0,-0.2159686489464154,-1.4171016880388407,-1.1891152097339777,-0.9875479113951852,-1.440763959714756,-0.28609723744491,0.4799199734783458
1,0,0,1,-1.04544835771596,0.9038525351878244,0.8049103797422107,1.1074340931646207,1.881388784106932,-0.3555829950036889,0.9911705877184126,0.6371171527096334,0,-1.346859028862888,2.0311260231063843,1.820893883768916,1.010302471565581,0.8888691095731699,-0.28609723744491,-0.1289958310216364
0,1,0,1,-0.6729503572538184,-1.822673328920161,-0.2295347776981199,0.4892342033452379,1.105459432868563,-0.3555829950036889,-1.0080559469640418,1.3189611196983422,0,0.4123037840892044,,,,,,
1,1,0,1,-0.9523238576004246,0.9038525351878244,-0.2706662221082703,0.4892342033452379,-0.3438842059048002,-0.3555829950036889,0.9911705877184126,0.8643984748119214,0,-1.975131461898508,0.5250710772372763,0.5308899865533903,1.010302471565581,0.8888691095731699,-1.822086827610685,-1.3468274400216007
0,1,0,1,-0.8591993574848892,-0.4594103968661684,-1.1015650392159877,0.4892342033452379,0.6043479613075392,-0.3555829950036889,-1.0080559469640418,1.3189611196983422,0,-1.221204541954193,,,,,,
0,1,0,1,-0.4867013570227475,-1.822673328920161,-0.2352562657476793,0.4892342033452379,-0.1422007865993255,-0.3555829950036889,-1.0080559469640418,0.8643984748119214,0,0.286649297934437,,,,,,
1,0,0,0,-0.4867013570227475,0.9038525351878244,-0.6990786097152257,-0.7471655762935278,-0.5463262832940989,-0.3555829950036889,-1.0080559469640418,-0.2720081363813634,0,-1.346859028862888,0.4172822685818729,-0.3291126115902937,1.010302471565581,0.6300209906339761,-0.28609723744491,1.088835777978328
0,0,0,1,1.18953964505689,-0.4594103968661684,-0.9168076061173648,-0.7471655762935278,-1.4305304612726932,-0.3555829950036889,-1.0080559469640418,-2.0902587152452017,0,1.2918851909422144,,,,,,
1,0,0,0,-0.5798258571382829,-0.4594103968661684,-1.2706929128588471,-0.7471655762935278,-1.9873209852293865,-0.3555829950036889,-1.0080559469640418,-2.7721026822339105,0,0.7892672440613618,0.5530402620108429,-0.7591139106621356,-0.9875479113951852,-0.0170993061315996,-2.412852054270328,0.4799199734783458
0,1,0,1,-0.0210788564450704,-0.4594103968661684,-0.9331251695307932,-1.3653654661129109,-1.4718373837432743,-0.3555829950036889,-1.0080559469640418,-0.9538521033700724,0,-1.221204541954193,,,,,,
1,0,0,0,-0.5798258571382829,0.9038525351878244,-0.2071316918659932,1.1074340931646207,-0.8919035451588638,2.809907727435166,0.9911705877184126,1.3189611196983422,1,-2.8547128687515175,0.9066853483310252,1.820893883768916,1.010302471565581,1.277141287787824,-2.176545963748255,1.088835777978328
0,0,0,0,1.655162145634567,-0.4594103968661684,-0.8126420269013093,1.1074340931646207,0.724477250801507,-0.3555829950036889,0.9911705877184126,0.8643984748119214,0,0.0353403241170469,,,,,,
0,0,0,1,-0.6729503572538184,0.9038525351878244,-0.3755715615511873,1.1074340931646207,0.9615655903092724,-0.3555829950036889,0.9911705877184126,0.6371171527096334,0,-0.592932108918573,,,,,,
1,1,0,0,-0.6729503572538184,0.9038525351878244,-0.4918049934469342,-1.3653654661129109,-1.5275164361389435,2.809907727435166,0.9911705877184126,-0.0447268142790753,1,0.286649297934437,-1.4171016880388407,-1.1891152097339777,-0.9875479113951852,-1.440763959714756,-0.28609723744491,-0.1289958310216364
0,0,0,1,-0.6729503572538184,0.9038525351878244,-0.8407666007829956,-0.7471655762935278,-1.8759628804380477,-0.3555829950036889,-1.0080559469640418,-0.4992894591654961,0,-0.2159686489464154,,,,,,
0,1,0,0,-0.8591993574848892,0.9038525351878244,-0.435011851650174,0.4892342033452379,-0.9006747298614931,-0.3555829950036889,-1.0080559469640418,0.6371171527096334,0,-0.9698955688907304,,,,,,
1,0,0,0,-0.5798258571382829,0.9038525351878244,-1.2177984711117342,-1.9835653559322937,-1.5629213563412343,-0.3555829950036889,0.9911705877184126,-1.408414748256493,0,1.1662307040335194,-0.2848434732922805,-0.7591139106621356,1.010302471565581,-1.0524917815001018,0.7772801709677991,1.088835777978328
1,0,0,1,0.1651701437860003,-1.822673328920161,-0.5265934329579053,1.1074340931646207,-0.510921363091808,-0.3555829950036889,0.9911705877184126,0.1825545078232127,0,-0.8442410819820356,0.4723490645340482,0.1008886874815482,1.010302471565581,0.8888691095731699,-1.3494746458576192,-0.7379116355216186
0,1,0,0,-0.3004523567916767,-0.4594103968661684,-0.3685038177979189,0.4892342033452379,0.9580412208516044,-0.3555829950036889,0.9911705877184126,0.6371171527096334,0,1.040576217878752,,,,,,
0,0,0,1,-0.1142033565606058,-1.822673328920161,-0.7597475851541964,1.1074340931646207,-0.1565729165244138,-0.3555829950036889,0.9911705877184126,-0.7265707812677842,0,0.6636127579065945,,,,,,
0,1,0,1,-0.9523238576004246,0.9038525351878244,-0.7471600094892847,-0.1289656864741449,1.7143516269199244,-0.3555829950036889,0.9911705877184126,1.3189611196983422,0,-1.598168001926351,,,,,,
0,0,0,0,1.4689131454034965,0.9038525351878244,-0.64351415325845,0.4892342033452379,0.8935909837533058,-0.3555829950036889,-1.0080559469640418,-1.1811334261542046,0,0.6636127579065945,,,,,,
0,0,0,1,-0.7660748573693538,0.9038525351878244,-0.5446994351940471,-0.1289656864741449,-1.12339093944417,-0.3555829950036889,-1.0080559469640418,-2.7721026822339105,0,-1.4725135157715823,,,,,,
0,0,0,0,-0.6729503572538184,0.9038525351878244,-0.3210393798291498,0.4892342033452379,0.3676818696643273,-0.3555829950036889,-1.0080559469640418,0.4098358306073453,0,-0.0903141620377204,,,,,,
0,1,0,0,-0.9523238576004246,-1.822673328920161,-0.8126420269013093,0.4892342033452379,-1.416158331347605,-0.3555829950036889,-1.0080559469640418,0.4098358306073453,0,1.2918851909422144,,,,,,
0,1,0,0,-0.7660748573693538,-1.822673328920161,-0.4272827841072659,0.4892342033452379,0.8973294488277486,-0.3555829950036889,-1.0080559469640418,-0.0447268142790753,0,0.6636127579065945,,,,,,
0,0,0,0,-0.8591993574848892,-1.822673328920161,-1.425072087380026,0.4892342033452379,-0.3438842059048002,-0.3555829950036889,-1.0080559469640418,0.8643984748119214,0,0.0353403241170469,,,,,,
1,1,0,1,-1.1385728578314955,-1.822673328920161,-0.8126420269013093,-0.7471655762935278,-0.3044133764059257,-0.3555829950036889,0.9911705877184126,-1.1811334261542046,0,0.4123037840892044,-0.0940363377454061,-0.3291126115902937,1.010302471565581,-0.405371484346254,0.6591271253523029,-0.7379116355216186
0,1,0,1,-0.3004523567916767,-1.822673328920161,-1.002750321151585,1.1074340931646207,-2.154358142416394,-0.3555829950036889,0.9911705877184126,-2.7721026822339105,0,1.6688486509143718,,,,,,
1,1,0,0,-0.7660748573693538,0.9038525351878244,-1.0213664181576667,-0.7471655762935278,0.1449656600816501,-0.3555829950036889,0.9911705877184126,0.6371171527096334,0,-0.2159686489464154,1.2569384818791114,1.820893883768916,1.010302471565581,0.3711728720830549,0.0683618986926597,-0.1289958310216364
0,0,0,0,-0.2073278566761413,0.9038525351878244,0.0073042971039738,1.1074340931646207,-0.379289126107091,-0.3555829950036889,-1.0080559469640418,0.1825545078232127,0,0.9149217309700568,,,,,,
0,0,0,1,-0.8591993574848892,-0.4594103968661684,-0.8407666007829956,-1.9835653559322937,-1.0061308323845417,-0.3555829950036889,0.9911705877184126,-0.2720081363813634,0,-0.2159686489464154,,,,,,
0,0,0,1,2.493282646674386,-0.4594103968661684,-2.3072778274034063,0.4892342033452379,-1.096456146898677,-0.3555829950036889,0.9911705877184126,0.1825545078232127,0,-0.0903141620377204,,,,,,
1,0,0,1,-0.7660748573693538,0.9038525351878244,-0.8853336700648033,-1.3653654661129109,-0.5379773464560231,-0.3555829950036889,0.9911705877184126,-1.1811334261542046,0,-0.3416231358551105,0.2833411184314761,-0.7591139106621356,-0.9875479113951852,-0.9230677222246412,-0.1679441918294137,-0.7379116355216186
1,1,0,0,0.1651701437860003,0.9038525351878244,0.1499693279930935,1.1074340931646207,-0.2794339688065015,-0.3555829950036889,-1.0080559469640418,-0.0447268142790753,0,-0.0903141620377204,0.1603621749863276,0.1008886874815482,1.010302471565581,0.8888691095731699,0.0683618986926597,-0.1289958310216364
0,0,0,0,-0.8591993574848892,0.9038525351878244,-0.9008832755281828,0.4892342033452379,0.4894654870585327,-0.3555829950036889,0.9911705877184126,0.4098358306073453,0,0.6636127579065945,,,,,,
0,1,0,0,-0.7660748573693538,-0.4594103968661684,-0.6329406838209205,1.1074340931646207,1.6355292598965374,-0.3555829950036889,-1.0080559469640418,1.3189611196983422,0,1.040576217878752,,,,,,
0,0,0,0,0.7239171444792128,-0.4594103968661684,-0.0088142517795226,0.4892342033452379,1.161138485264232,-0.3555829950036889,0.9911705877184126,0.6371171527096334,0,1.2918851909422144,,,,,,
0,1,0,1,-0.7660748573693538,0.9038525351878244,0.2805335389399892,1.7256339829840035,1.6958077155288147,-0.3555829950036889,0.9911705877184126,0.6371171527096334,0,0.9149217309700568,,,,,,
0,1,0,1,-0.5798258571382829,-0.4594103968661684,0.2341884842178661,0.4892342033452379,-1.8759628804380477,-0.3555829950036889,-1.0080559469640418,-1.408414748256493,0,-1.7238224888350453,,,,,,
0,1,0,0,1.4689131454034965,0.9038525351878244,0.3574896598668813,1.7256339829840035,-0.1565729165244138,-0.3555829950036889,-1.0080559469640418,0.4098358306073453,0,0.286649297934437,,,,,,
0,0,0,0,1.841411145865638,-1.822673328920161,-2.0849276391505205,1.1074340931646207,0.903017355479264,2.809907727435166,0.9911705877184126,0.6371171527096334,1,0.4123037840892044,,,,,,
1,0,0,1,0.6307926443636774,-0.4594103968661684,-0.1644828466934966,1.1074340931646207,-1.416158331347605,-0.3555829950036889,-1.0080559469640418,0.1825545078232127,0,1.1662307040335194,-0.4714767170302451,-0.7591139106621356,-0.9875479113951852,-0.2759474250707932,1.6043514888584347,1.088835777978328
0,0,0,1,-0.3935768569072121,0.9038525351878244,-0.6875856636556578,1.7256339829840035,1.56065110908643,-0.3555829950036889,-1.0080559469640418,1.0916797975960542,0,0.5379582709978995,,,,,,
0,1,0,1,-0.7660748573693538,-0.4594103968661684,-0.8552908720738063,1.1074340931646207,0.0546403455675143,-0.3555829950036889,0.9911705877184126,-0.0447268142790753,0,0.4123037840892044,,,,,,
1,1,0,0,1.7482866457501025,-0.4594103968661684,-0.6542595565441318,0.4892342033452379,0.6460771316426738,-0.3555829950036889,0.9911705877184126,0.6371171527096334,0,1.040576217878752,0.6098885935730498,-0.3291126115902937,1.010302471565581,0.1123247531438611,1.3680453976274425,-0.1289958310216364
1,1,0,0,-0.2073278566761413,-1.822673328920161,1.2671155624450086,-0.1289656864741449,0.8358353555928457,2.809907727435166,-1.0080559469640418,0.1825545078232127,1,0.286649297934437,0.99819833733952,1.390892584697074,1.010302471565581,0.6300209906339761,0.1865149443081559,-0.7379116355216186
0,1,0,1,-0.7660748573693538,0.9038525351878244,-0.8552908720738063,0.4892342033452379,-0.1565729165244138,2.809907727435166,0.9911705877184126,1.3189611196983422,1,0.0353403241170469,,,,,,
0,1,0,1,-0.9523238576004246,0.9038525351878244,-1.7287437988163847,0.4892342033452379,1.0787387359398446,-0.3555829950036889,-1.0080559469640418,0.6371171527096334,0,-0.592932108918573,,,,,,
0,0,0,0,0.0720456436704649,0.9038525351878244,-0.4750742835732558,0.4892342033452379,0.5574400936144993,-0.3555829950036889,0.9911705877184126,1.0916797975960542,0,0.286649297934437,,,,,,
0,1,0,1,-0.1142033565606058,0.9038525351878244,-1.19285861540186,-0.7471655762935278,-0.0777505495010269,-0.3555829950036889,-1.0080559469640418,0.1825545078232127,0,-0.592932108918573,,,,,,
0,0,0,0,0.9101661447102836,0.9038525351878244,-0.3972399861162685,0.4892342033452379,1.1431889730381433,-0.3555829950036889,0.9911705877184126,-1.408414748256493,0,0.6636127579065945,,,,,,
0,0,0,1,-1.1385728578314955,-1.822673328920161,-1.391176055488331,-1.9835653559322937,-1.9873209852293865,-0.3555829950036889,-1.0080559469640418,-2.0902587152452017,0,-0.0903141620377204,,,,,,
0,1,0,0,0.8170416445947483,-0.4594103968661684,0.2857782310857994,0.4892342033452379,0.9941013280772244,-0.3555829950036889,0.9911705877184126,0.8643984748119214,0,1.040576217878752,,,,,,
0,1,0,0,-0.5798258571382829,0.9038525351878244,-0.4587567201598271,1.1074340931646207,0.9941013280772244,-0.3555829950036889,-1.0080559469640418,0.6371171527096334,0,1.1662307040335194,,,,,,
0,1,0,1,-0.5798258571382829,-0.4594103968661684,-0.3409653439472428,-1.3653654661129109,-0.3351130212021709,-0.3555829950036889,0.9911705877184126,-0.2720081363813634,0,-0.3416231358551105,,,,,,
1,1,0,1,1.841411145865638,-0.4594103968661684,0.2618422153709436,0.4892342033452379,0.9492700361489752,-0.3555829950036889,-1.0080559469640418,0.8643984748119214,0,0.5379582709978995,0.692906920464521,-0.3291126115902937,1.010302471565581,0.8888691095731699,0.8954332165832953,-0.1289958310216364
0,1,0,0,0.4445436441326066,-1.822673328920161,-0.8552908720738063,1.7256339829840035,0.3676818696643273,-0.3555829950036889,0.9911705877184126,0.1825545078232127,0,1.040576217878752,,,,,,
0,0,0,1,0.1651701437860003,-1.822673328920161,0.2699176039469627,1.1074340931646207,0.2475525801703596,-0.3555829950036889,0.9911705877184126,-0.7265707812677842,0,-0.2159686489464154,,,,,,
0,0,0,0,-0.5798258571382829,0.9038525351878244,-0.3755715615511873,1.1074340931646207,0.9023621684559352,-0.3555829950036889,-1.0080559469640418,0.6371171527096334,0,0.9149217309700568,,,,,,
0,1,0,0,-0.7660748573693538,-1.822673328920161,-1.6758493570692718,-0.1289656864741449,-1.1377630693692584,-0.3555829950036889,0.9911705877184126,0.4098358306073453,0,-0.592932108918573,,,,,,
0,1,0,1,-0.5798258571382829,-1.822673328920161,-1.4608012071091223,-0.7471655762935278,-0.4906472308984295,-0.3555829950036889,0.9911705877184126,-1.408414748256493,0,0.6636127579065945,,,,,,
1,1,0,0,-0.3935768569072121,-0.4594103968661684,-0.6329406838209205,0.4892342033452379,-0.3561458114793734,-0.3555829950036889,0.9911705877184126,-0.2720081363813634,0,1.4175396778509095,1.127243204261498,1.390892584697074,1.010302471565581,1.0182931688486303,0.1865149443081559,-0.1289958310216364
0,1,0,1,-0.7660748573693538,-0.4594103968661684,-0.9846443189154434,-0.7471655762935278,-1.5975676184597012,-0.3555829950036889,0.9911705877184126,1.3189611196983422,0,-1.346859028862888,,,,,,
0,1,0,1,0.6307926443636774,-0.4594103968661684,0.0608108998412692,-0.1289656864741449,0.0805154229833515,-0.3555829950036889,-1.0080559469640418,0.6371171527096334,0,0.0353403241170469,,,,,,
0,0,0,1,-0.7660748573693538,-0.4594103968661684,-0.9846443189154434,1.1074340931646207,-0.0368658748949994,-0.3555829950036889,0.9911705877184126,0.6371171527096334,0,-0.0903141620377204,,,,,,
0,0,0,1,-0.7660748573693538,0.9038525351878244,-1.2437166064105525,-0.1289656864741449,1.4215842350164896,-0.3555829950036889,0.9911705877184126,0.4098358306073453,0,1.1662307040335194,,,,,,
0,1,0,0,1.0032906448258192,0.9038525351878244,-0.301696699196659,1.1074340931646207,1.1163071933359832,-0.3555829950036889,-1.0080559469640418,0.6371171527096334,0,0.9149217309700568,,,,,,
0,0,0,0,0.0720456436704649,-1.822673328920161,-1.002750321151585,0.4892342033452379,-0.1565729165244138,2.809907727435166,0.9911705877184126,0.6371171527096334,1,-1.7238224888350453,,,,,,
0,1,0,0,-0.3935768569072121,0.9038525351878244,-0.4120906726973142,0.4892342033452379,0.50176104121883,-0.3555829950036889,-1.0080559469640418,0.1825545078232127,0,1.6688486509143718,,,,,,
0,1,0,1,-0.7660748573693538,-0.4594103968661684,-0.4272827841072659,0.4892342033452379,0.1449656600816501,-0.3555829950036889,-1.0080559469640418,0.6371171527096334,0,0.7892672440613618,,,,,,
0,0,0,0,2.2139091463277794,-0.4594103968661684,0.6922393701754038,0.4892342033452379,0.2563237648729888,-0.3555829950036889,-1.0080559469640418,0.6371171527096334,0,0.9149217309700568,,,,,,
0,0,0,1,-0.6729503572538184,-0.4594103968661684,-0.4196430719483952,0.4892342033452379,-0.3236100737114216,-0.3555829950036889,-1.0080559469640418,0.4098358306073453,0,0.6636127579065945,,,,,,
1,1,0,1,-0.9523238576004246,-0.4594103968661684,-0.1491734112279074,-1.3653654661129109,-0.7893166250701545,-0.3555829950036889,0.9911705877184126,-0.0447268142790753,0,1.1662307040335194,-0.1067678147792965,-0.3291126115902937,-0.9875479113951852,0.5005969313585155,1.1317393071053687,1.088835777978328
0,0,0,1,2.6795316469054566,0.9038525351878244,-0.6875856636556578,1.7256339829840035,2.1041049936896092,-0.3555829950036889,-1.0080559469640418,1.0916797975960542,0,1.1662307040335194,,,,,,
0,0,0,0,-0.4867013570227475,0.9038525351878244,-0.3827157148254578,1.1074340931646207,1.0137202732472737,2.809907727435166,-1.0080559469640418,0.6371171527096334,1,0.4123037840892044,,,,,,
0,0,0,0,-0.3004523567916767,-1.822673328920161,-0.1801553854176981,-1.3653654661129109,-1.3191723564813544,-0.3555829950036889,-1.0080559469640418,-1.6356960703587813,0,0.6636127579065945,,,,,,
0,1,0,0,-0.7660748573693538,-0.4594103968661684,-0.6225337326510344,1.1074340931646207,0.7017561840383432,-0.3555829950036889,0.9911705877184126,0.6371171527096334,0,0.160994811025742,,,,,,
0,0,0,1,-0.2073278566761413,0.9038525351878244,-1.1232334637810686,0.4892342033452379,1.881388784106932,-0.3555829950036889,0.9911705877184126,0.6371171527096334,0,0.0353403241170469,,,,,,
0,1,0,1,-0.3935768569072121,-1.822673328920161,0.172051545772475,-0.7471655762935278,0.6600270137032085,-0.3555829950036889,0.9911705877184126,-0.0447268142790753,0,0.160994811025742,,,,,,
0,1,0,1,-0.3004523567916767,-1.822673328920161,-0.4833866918116685,0.4892342033452379,0.1918735277746902,-0.3555829950036889,0.9911705877184126,0.6371171527096334,0,-0.4672776220098779,,,,,,
1,1,0,1,0.0720456436704649,-0.4594103968661684,-0.7348077294443223,-1.3653654661129109,0.0237478671727746,-0.3555829950036889,-1.0080559469640418,1.3189611196983422,0,-2.1007859488072027,1.2144983460698355,0.1008886874815482,1.010302471565581,1.277141287787824,-2.0583929181327587,-1.955743244521583
1,1,0,1,0.1651701437860003,-1.822673328920161,-0.2646312236195357,-1.3653654661129109,0.5038376169836208,-0.3555829950036889,0.9911705877184126,1.3189611196983422,0,-0.8442410819820356,0.5590586125377413,-0.7591139106621356,1.010302471565581,0.8888691095731699,-0.7587094191979756,0.4799199734783458
0,0,0,1,0.0720456436704649,-0.4594103968661684,-0.0552813446291682,-0.7471655762935278,-0.0865217342036562,-0.3555829950036889,-1.0080559469640418,0.6371171527096334,0,-0.7185865958272676,,,,,,
0,0,0,0,-0.0210788564450704,-1.822673328920161,-1.8492269414458684,1.1074340931646207,-0.3907920735978399,-0.3555829950036889,-1.0080559469640418,-0.0447268142790753,0,-0.9698955688907304,,,,,,
0,1,0,0,0.0720456436704649,0.9038525351878244,-0.3827157148254578,1.1074340931646207,0.6796459588732582,-0.3555829950036889,-1.0080559469640418,0.6371171527096334,0,0.9149217309700568,,,,,,
0,1,0,1,-0.5798258571382829,0.9038525351878244,-0.5003319213241877,0.4892342033452379,0.7017561840383432,-0.3555829950036889,0.9911705877184126,0.6371171527096334,0,0.0353403241170469,,,,,,
0,1,0,1,0.0720456436704649,-1.822673328920161,-0.435011851650174,-0.1289656864741449,-0.5578292307848479,-0.3555829950036889,-1.0080559469640418,-0.4992894591654961,0,-0.4672776220098779,,,,,,
0,1,0,1,-0.6729503572538184,-0.4594103968661684,0.0895470681596188,1.1074340931646207,0.8915144079885152,-0.3555829950036889,0.9911705877184126,1.0916797975960542,0,0.6636127579065945,,,,,,
0,1,0,1,-0.4867013570227475,-0.4594103968661684,-0.5633155322001286,-0.7471655762935278,0.4135012339424598,-0.3555829950036889,0.9911705877184126,0.6371171527096334,0,-1.975131461898508,,,,,,
0,1,0,0,-0.2073278566761413,-1.822673328920161,0.573448489012699,0.4892342033452379,0.5259478421487062,-0.3555829950036889,-1.0080559469640418,0.1825545078232127,0,0.160994811025742,,,,,,
0,1,0,0,1.9345356459811731,-0.4594103968661684,-0.1195791642411642,0.4892342033452379,1.2276652981273215,-0.3555829950036889,-1.0080559469640418,0.1825545078232127,0,0.5379582709978995,,,,,,
0,0,0,0,-0.7660748573693538,0.9038525351878244,-0.7856657204530147,1.1074340931646207,0.2790448316361528,2.809907727435166,0.9911705877184126,-0.7265707812677842,1,0.6636127579065945,,,,,,
0,1,0,0,-0.0210788564450704,0.9038525351878244,-0.2071316918659932,-0.7471655762935278,0.3589106849616981,-0.3555829950036889,-1.0080559469640418,0.1825545078232127,0,0.286649297934437,,,,,,
0,1,0,0,-0.6729503572538184,0.9038525351878244,0.5315878852545302,-0.7471655762935278,-0.379289126107091,2.809907727435166,-1.0080559469640418,-0.2720081363813634,1,0.286649297934437,,,,,,
1,0,0,1,-0.3935768569072121,0.9038525351878244,-0.1542372501188804,-1.9835653559322937,0.5574400936144993,-0.3555829950036889,-1.0080559469640418,1.3189611196983422,0,0.9149217309700568,-0.2212520961074212,-0.7591139106621356,-0.9875479113951852,0.3711728720830549,0.4228210348302294,0.4799199734783458
0,0,0,0,3.3314031477142043,0.9038525351878244,-0.3477431237899158,-0.1289656864741449,1.1401056949870292,-0.3555829950036889,-1.0080559469640418,-0.0447268142790753,0,0.286649297934437,,,,,,
0,0,0,1,1.5620376455190317,0.9038525351878244,-0.8552908720738063,1.1074340931646207,1.7457988612729685,-0.3555829950036889,0.9911705877184126,0.6371171527096334,0,-0.2159686489464154,,,,,,
0,1,0,1,-0.7660748573693538,0.9038525351878244,0.790465482391997,1.1074340931646207,1.8025664170835451,-0.3555829950036889,0.9911705877184126,0.8643984748119214,0,1.2918851909422144,,,,,,
1,0,0,0,-0.3935768569072121,-0.4594103968661684,0.1068926241189257,-1.3653654661129109,-1.7089257232510395,-0.3555829950036889,-1.0080559469640418,-1.408414748256493,0,0.0353403241170469,0.9218754831207704,0.5308899865533903,1.010302471565581,0.8888691095731699,1.1317393071053687,-0.1289958310216364
1,0,0,0,-0.3004523567916767,-1.822673328920161,1.51483430590929,0.4892342033452379,1.272496590055571,-0.3555829950036889,-1.0080559469640418,1.3189611196983422,0,1.5431941640056768,-0.4374891817297802,0.1008886874815482,-0.9875479113951852,0.1123247531438611,0.7772801709677991,-1.3468274400216007
0,1,0,1,-0.3004523567916767,0.9038525351878244,0.3238402515054402,0.4892342033452379,0.6362174435251369,-0.3555829950036889,-1.0080559469640418,0.4098358306073453,0,-1.598168001926351,,,,,,
0,0,0,0,-0.9523238576004246,-0.4594103968661684,-0.1052646462425914,1.1074340931646207,0.5805383911294676,-0.3555829950036889,0.9911705877184126,-0.4992894591654961,0,-1.221204541954193,,,,,,
0,0,0,0,1.2826641451724254,-0.4594103968661684,-0.2126616633972881,0.4892342033452379,0.2006447124773195,-0.3555829950036889,-1.0080559469640418,-1.6356960703587813,0,0.9149217309700568,,,,,,
0,1,0,0,-0.7660748573693538,-0.4594103968661684,-0.9008832755281828,-1.3653654661129109,-0.8919035451588638,-0.3555829950036889,-1.0080559469640418,-0.0447268142790753,0,0.6636127579065945,,,,,,
1,0,0,0,-0.3935768569072121,-0.4594103968661684,-0.3145287090206906,0.4892342033452379,-0.4822982940603537,-0.3555829950036889,0.9911705877184126,-1.1811334261542046,0,-1.095550055799425,-0.0940363377454061,-0.3291126115902937,1.010302471565581,-0.5347955440099867,0.3046679892147332,-0.1289958310216364
0,1,0,1,1.0032906448258192,0.9038525351878244,-1.2706929128588471,0.4892342033452379,1.881388784106932,-0.3555829950036889,0.9911705877184126,1.3189611196983422,0,0.160994811025742,,,,,,
0,1,0,1,-0.3935768569072121,0.9038525351878244,-0.0088142517795226,1.1074340931646207,0.8148025653156428,-0.3555829950036889,-1.0080559469640418,-0.0447268142790753,0,0.9149217309700568,,,,,,
0,1,0,0,0.537668144248142,0.9038525351878244,0.3038136358386573,1.1074340931646207,1.3071428521740374,-0.3555829950036889,-1.0080559469640418,0.6371171527096334,0,0.5379582709978995,,,,,,
0,0,0,0,-0.7660748573693538,-1.822673328920161,-0.2706662221082703,-0.7471655762935278,-1.0618098847802109,-0.3555829950036889,-1.0080559469640418,-0.4992894591654961,0,-0.9698955688907304,,,,,,
1,1,0,1,-0.2073278566761413,-0.4594103968661684,-0.2953729404928667,1.1074340931646207,-0.3561458114793734,-0.3555829950036889,0.9911705877184126,0.8643984748119214,0,-0.0903141620377204,0.4300137456157634,-0.3291126115902937,-0.9875479113951852,1.1477172285123636,0.1865149443081559,-1.3468274400216007
0,0,0,0,5.566391150487054,0.9038525351878244,-0.3685038177979189,1.1074340931646207,0.9941013280772244,-0.3555829950036889,0.9911705877184126,-0.4992894591654961,0,0.5379582709978995,,,,,,
0,1,0,1,-0.4867013570227475,-1.822673328920161,-0.5539419318923252,1.1074340931646207,1.4185009569653757,-0.3555829950036889,0.9911705877184126,-0.2720081363813634,0,0.7892672440613618,,,,,,
1,0,0,1,-0.6729503572538184,-0.4594103968661684,-0.2767568434867845,0.4892342033452379,-0.1334296018966963,-0.3555829950036889,0.9911705877184126,-0.7265707812677842,0,0.0353403241170469,-0.7004452796864945,0.1008886874815482,1.010302471565581,0.2417488124193217,0.1865149443081559,-0.1289958310216364
0,0,0,0,1.3757886452879609,-0.4594103968661684,-1.298817486740533,0.4892342033452379,0.5342967789867817,-0.3555829950036889,-1.0080559469640418,0.6371171527096334,0,1.2918851909422144,,,,,,
0,0,0,0,4.355772648985094,0.9038525351878244,-0.4587567201598271,-0.1289656864741449,1.8582454694792148,-0.3555829950036889,-1.0080559469640418,1.3189611196983422,0,1.4175396778509095,,,,,,
1,0,0,0,-0.6729503572538184,0.9038525351878244,-0.3210393798291498,1.1074340931646207,0.0892866076859808,-0.3555829950036889,-1.0080559469640418,1.3189611196983422,0,0.160994811025742,-1.4171016880388407,-1.1891152097339777,-0.9875479113951852,-1.440763959714756,0.6591271253523029,1.088835777978328
0,1,0,0,0.8170416445947483,0.9038525351878244,-0.435011851650174,-0.7471655762935278,0.2559015170084353,-0.3555829950036889,-1.0080559469640418,0.1825545078232127,0,0.7892672440613618,,,,,,
0,0,0,0,-1.04544835771596,0.9038525351878244,-0.4046236131172566,1.1074340931646207,0.6460771316426738,-0.3555829950036889,0.9911705877184126,1.3189611196983422,0,0.286649297934437,,,,,,
0,1,0,1,-1.04544835771596,-1.822673328920161,0.2370065172373974,0.4892342033452379,-0.0452148117330751,-0.3555829950036889,0.9911705877184126,-0.0447268142790753,0,-0.4672776220098779,,,,,,
0,0,0,0,3.4245276478297395,-1.822673328920161,-0.1854632673009121,-0.7471655762935278,0.4460819888231605,-0.3555829950036889,-1.0080559469640418,-0.2720081363813634,0,0.4123037840892044,,,,,,
1,1,0,0,0.2582946439015358,-1.822673328920161,-0.2410277237576879,0.4892342033452379,0.4460819888231605,-0.3555829950036889,-1.0080559469640418,-0.7265707812677842,0,1.6688486509143718,0.4359868268689757,-0.7591139106621356,-0.9875479113951852,0.1123247531438611,1.840657579380508,-0.1289958310216364
0,0,0,0,-0.8591993574848892,-0.4594103968661684,-0.4918049934469342,0.4892342033452379,0.1445434122170965,-0.3555829950036889,-1.0080559469640418,1.3189611196983422,0,1.6688486509143718,,,,,,
0,1,0,0,1.3757886452879609,0.9038525351878244,-0.3409653439472428,1.1074340931646207,1.474180009361045,-0.3555829950036889,0.9911705877184126,1.0916797975960542,0,1.040576217878752,,,,,,
0,1,0,1,-0.8591993574848892,-0.4594103968661684,0.4200470677344041,1.1074340931646207,0.4790399744556661,-0.3555829950036889,0.9911705877184126,0.6371171527096334,0,0.9149217309700568,,,,,,
0,1,0,0,0.1651701437860003,-0.4594103968661684,-0.4428323895706453,1.1074340931646207,0.7801563031971764,2.809907727435166,-1.0080559469640418,0.4098358306073453,1,0.6636127579065945,,,,,,
0,0,0,0,-0.4867013570227475,0.9038525351878244,-0.4120906726973142,0.4892342033452379,1.4215842350164896,-0.3555829950036889,0.9911705877184126,0.4098358306073453,0,1.1662307040335194,,,,,,
0,1,0,1,0.3514191440170712,0.9038525351878244,0.2645449910880734,0.4892342033452379,0.545144539454202,-0.3555829950036889,0.9911705877184126,-0.9538521033700724,0,0.286649297934437,,,,,,
0,0,0,0,-0.5798258571382829,-0.4594103968661684,-0.046586117313428,0.4892342033452379,0.7157060660988779,-0.3555829950036889,0.9911705877184126,0.6371171527096334,0,1.2918851909422144,,,,,,
0,1,0,0,-0.3004523567916767,0.9038525351878244,-0.2126616633972881,-1.3653654661129109,1.579850207500868,-0.3555829950036889,-1.0080559469640418,0.6371171527096334,0,0.7892672440613618,,,,,,
1,0,0,0,-0.6729503572538184,-0.4594103968661684,-0.6875856636556578,-1.3653654661129109,-2.098679090020725,-0.3555829950036889,-1.0080559469640418,-2.0902587152452017,0,-1.84947697574374,0.646268485072393,-0.3291126115902937,-0.9875479113951852,0.2417488124193217,-1.3494746458576192,1.088835777978328
0,1,0,1,0.7239171444792128,0.9038525351878244,0.1531694685890666,1.1074340931646207,0.7916592506879253,2.809907727435166,0.9911705877184126,0.4098358306073453,1,1.040576217878752,,,,,,
0,1,0,1,-1.04544835771596,-1.822673328920161,-0.6651825778235311,0.4892342033452379,-1.3748514088770238,-0.3555829950036889,-1.0080559469640418,-0.4992894591654961,0,0.160994811025742,,,,,,
1,0,0,0,-0.8591993574848892,-1.822673328920161,-0.6021989669475901,1.1074340931646207,-0.2679310213157522,2.809907727435166,0.9911705877184126,1.3189611196983422,1,-1.7238224888350453,-1.4171016880388407,-1.1891152097339777,-0.9875479113951852,-1.440763959714756,-1.1131685553355453,-1.955743244521583
0,0,0,0,-0.4867013570227475,0.9038525351878244,-0.1441480809900523,1.1074340931646207,0.5132639887095788,-0.3555829950036889,0.9911705877184126,-0.0447268142790753,0,-0.0903141620377204,,,,,,
0,1,0,0,-0.1142033565606058,-1.822673328920161,0.0860226451833047,-1.9835653559322937,-0.3008890069482577,-0.3555829950036889,-1.0080559469640418,0.4098358306073453,0,-0.9698955688907304,,,,,,
1,1,0,1,0.7239171444792128,-0.4594103968661684,-1.1688258672354452,1.7256339829840035,0.5490911567764235,-0.3555829950036889,0.9911705877184126,-0.4992894591654961,0,-0.592932108918573,0.9897036752224962,0.9608912856252324,1.010302471565581,0.8888691095731699,-0.28609723744491,-1.955743244521583
0,0,0,0,2.586407146789921,0.9038525351878244,0.4221753392733438,0.4892342033452379,0.938422275681555,-0.3555829950036889,0.9911705877184126,0.6371171527096334,0,0.286649297934437,,,,,,
0,0,0,0,-0.2073278566761413,-1.822673328920161,-0.1491734112279074,1.7256339829840035,0.5259478421487062,-0.3555829950036889,-1.0080559469640418,0.6371171527096334,0,0.7892672440613618,,,,,,
1,0,0,0,-1.1385728578314955,0.9038525351878244,-1.2706929128588471,0.4892342033452379,0.3263749471937463,-0.3555829950036889,0.9911705877184126,0.1825545078232127,0,0.0353403241170469,0.4105867959091517,0.5308899865533903,1.010302471565581,0.7594450502977093,-0.0497911469228365,0.4799199734783458
1,0,0,1,-0.6729503572538184,-1.822673328920161,0.0459602132602229,-0.7471655762935278,-1.931641932833717,-0.3555829950036889,-1.0080559469640418,-1.8629773931429137,0,0.9149217309700568,-0.170359191964156,-0.7591139106621356,1.010302471565581,-0.405371484346254,1.1317393071053687,1.088835777978328
1,0,0,1,-0.8591993574848892,0.9038525351878244,-0.1962086705865941,1.1074340931646207,1.5848829271290548,-0.3555829950036889,0.9911705877184126,1.0916797975960542,0,-1.346859028862888,1.6602681315651304,1.390892584697074,-0.9875479113951852,1.1477172285123636,-0.7587094191979756,1.088835777978328
0,1,0,0,-0.0210788564450704,0.9038525351878244,-0.3342563752403276,1.1074340931646207,-0.2468982310385497,-0.3555829950036889,-1.0080559469640418,0.6371171527096334,0,0.6636127579065945,,,,,,
0,1,0,0,-0.8591993574848892,-1.822673328920161,-0.6762891878641176,1.1074340931646207,-0.1565729165244138,-0.3555829950036889,0.9911705877184126,0.1825545078232127,0,0.4123037840892044,,,,,,
1,0,0,0,-0.7660748573693538,-0.4594103968661684,-0.7471600094892847,0.4892342033452379,-1.9873209852293865,-0.3555829950036889,0.9911705877184126,-0.4992894591654961,0,-1.84947697574374,-0.2509188610997724,-0.7591139106621356,1.010302471565581,-0.7936436625609083,-1.822086827610685,-1.3468274400216007
0,1,0,1,0.0720456436704649,0.9038525351878244,-0.1542372501188804,-0.1289656864741449,0.4229386741954431,-0.3555829950036889,0.9911705877184126,0.1825545078232127,0,1.1662307040335194,,,,,,
0,1,0,0,2.40015814655885,0.9038525351878244,-0.0337541074893964,-0.1289656864741449,-0.0220714971053576,-0.3555829950036889,0.9911705877184126,-0.7265707812677842,0,1.1662307040335194,,,,,,
1,0,0,0,-0.7660748573693538,-1.822673328920161,-0.6542595565441318,0.4892342033452379,-1.931641932833717,-0.3555829950036889,-1.0080559469640418,1.0916797975960542,0,0.5379582709978995,-1.4171016880388407,-1.1891152097339777,-0.9875479113951852,-1.440763959714756,1.3680453976274425,1.088835777978328
1,0,0,1,0.8170416445947483,-0.4594103968661684,-0.2295347776981199,1.1074340931646207,0.54866890891187,-0.3555829950036889,-1.0080559469640418,0.6371171527096334,0,-1.975131461898508,1.127243204261498,0.9608912856252324,1.010302471565581,1.277141287787824,-1.3494746458576192,0.4799199734783458
0,0,0,0,0.1651701437860003,0.9038525351878244,-1.1456365496131953,0.4892342033452379,1.5241711551051988,-0.3555829950036889,0.9911705877184126,0.6371171527096334,0,1.040576217878752,,,,,,
0,0,0,0,1.3757886452879609,0.9038525351878244,-1.7862433305699277,0.4892342033452379,0.2006447124773195,2.809907727435166,-1.0080559469640418,0.8643984748119214,1,0.6636127579065945,,,,,,
0,0,0,0,-0.4867013570227475,0.9038525351878244,-1.0602498529051276,-1.3653654661129109,0.7353250112689274,-0.3555829950036889,-1.0080559469640418,-0.7265707812677842,0,1.2918851909422144,,,,,,
0,0,0,1,-0.3004523567916767,-0.4594103968661684,-0.0596722427882147,0.4892342033452379,0.6008235918498711,-0.3555829950036889,-1.0080559469640418,-0.0447268142790753,0,1.6688486509143718,,,,,,
0,0,0,1,-0.5798258571382829,0.9038525351878244,-0.0552813446291682,-0.1289656864741449,-0.1008938641287445,-0.3555829950036889,-1.0080559469640418,-0.7265707812677842,0,1.040576217878752,,,,,,
0,1,0,0,0.9101661447102836,0.9038525351878244,0.0033113680877262,-0.1289656864741449,-0.4349681785027604,-0.3555829950036889,-1.0080559469640418,-0.4992894591654961,0,0.7892672440613618,,,,,,
0,1,0,1,1.2826641451724254,0.9038525351878244,-0.1244204147704147,-0.7471655762935278,0.545144539454202,-0.3555829950036889,-1.0080559469640418,-0.2720081363813634,0,1.2918851909422144,,,,,,
0,0,0,1,0.3514191440170712,0.9038525351878244,-0.6329406838209205,0.4892342033452379,-0.176847048717792,-0.3555829950036889,-1.0080559469640418,1.3189611196983422,0,-2.7290583818428225,,,,,,
0,1,0,1,-0.8591993574848892,0.9038525351878244,-1.1232334637810686,-0.7471655762935278,-1.0061308323845417,-0.3555829950036889,-1.0080559469640418,-0.2720081363813634,0,0.286649297934437,,,,,,
0,1,0,0,2.9589051472520627,-0.4594103968661684,-0.949855879404472,1.1074340931646207,0.4786177265911124,-0.3555829950036889,-1.0080559469640418,0.6371171527096334,0,0.4123037840892044,,,,,,
0,1,0,0,-0.2073278566761413,-0.4594103968661684,-0.949855879404472,0.4892342033452379,0.7121816966412097,-0.3555829950036889,-1.0080559469640418,0.6371171527096334,0,-0.0903141620377204,,,,,,
0,0,0,1,-0.1142033565606058,-1.822673328920161,-0.6021989669475901,-1.3653654661129109,-1.1377630693692584,-0.3555829950036889,-1.0080559469640418,0.6371171527096334,0,-0.3416231358551105,,,,,,
1,1,0,1,-0.7660748573693538,-0.4594103968661684,-0.3409653439472428,0.4892342033452379,-1.3048002265562666,-0.3555829950036889,-1.0080559469640418,-1.6356960703587813,0,0.9149217309700568,-0.2848434732922805,-0.7591139106621356,1.010302471565581,0.1123247531438611,1.249892352720865,1.088835777978328
0,0,0,0,-0.6729503572538184,0.9038525351878244,-1.0405221866854903,-0.1289656864741449,0.3672596217997738,-0.3555829950036889,-1.0080559469640418,0.4098358306073453,0,1.2918851909422144,,,,,,
0,1,0,0,0.2582946439015358,-0.4594103968661684,-0.0380038182231336,0.4892342033452379,-1.7646047756467091,-0.3555829950036889,-1.0080559469640418,-2.0902587152452017,0,1.2918851909422144,,,,,,
0,0,1,1,-0.8591993574848892,0.9038525351878244,-0.5922615204096352,-1.9835653559322937,-1.2288470419672186,-0.3555829950036889,-1.0080559469640418,-1.8629773931429137,0,0.9149217309700568,,,,,,
0,1,0,0,1.0032906448258192,-1.822673328920161,-0.5539419318923252,1.1074340931646207,0.5816268945443752,-0.3555829950036889,0.9911705877184126,1.0916797975960542,0,1.040576217878752,,,,,,
0,0,0,1,0.9101661447102836,0.9038525351878244,-0.6329406838209205,-0.7471655762935278,-0.9277307132257082,-0.3555829950036889,0.9911705877184126,-0.2720081363813634,0,-0.7185865958272676,,,,,,
0,1,0,0,-1.1385728578314955,0.9038525351878244,-0.5539419318923252,0.4892342033452379,0.2706958947980769,2.809907727435166,0.9911705877184126,1.0916797975960542,1,-2.7290583818428225,,,,,,
0,1,0,0,0.3514191440170712,0.9038525351878244,-0.8701415586548523,0.4892342033452379,-0.2122519689200832,-0.3555829950036889,0.9911705877184126,0.1825545078232127,0,1.2918851909422144,,,,,,
1,0,0,0,0.6307926443636774,0.9038525351878244,-0.0552813446291682,1.1074340931646207,1.1600499818493246,2.809907727435166,-1.0080559469640418,0.6371171527096334,1,1.1662307040335194,1.3604485818346137,1.820893883768916,1.010302471565581,0.6300209906339761,0.1865149443081559,-1.955743244521583
0,1,0,0,-0.1142033565606058,0.9038525351878244,-0.5177231287457524,0.4892342033452379,0.3120028172686582,-0.3555829950036889,-1.0080559469640418,0.6371171527096334,0,0.9149217309700568,,,,,,
1,0,0,1,-1.04544835771596,-0.4594103968661684,-0.9168076061173648,0.4892342033452379,-0.2162515990856375,-0.3555829950036889,0.9911705877184126,-0.9538521033700724,0,0.160994811025742,0.5530402620108429,1.390892584697074,1.010302471565581,0.5005969313585155,1.249892352720865,0.4799199734783458
0,1,0,0,1.0964151449413546,0.9038525351878244,-0.7107749812779072,1.7256339829840035,1.1200456584104257,2.809907727435166,0.9911705877184126,0.6371171527096334,1,0.9149217309700568,,,,,,
0,0,0,0,-0.6729503572538184,0.9038525351878244,-0.772579594978228,1.1074340931646207,0.9713802613140604,2.809907727435166,0.9911705877184126,0.8643984748119214,1,-1.84947697574374,,,,,,
0,0,0,0,2.6795316469054566,0.9038525351878244,0.0269148679495745,0.4892342033452379,0.0853399903637592,-0.3555829950036889,-1.0080559469640418,-0.0447268142790753,0,0.9149217309700568,,,,,,
0,0,0,1,-0.4867013570227475,0.9038525351878244,-0.7597475851541964,-0.1289656864741449,1.2514637997783682,-0.3555829950036889,-1.0080559469640418,0.1825545078232127,0,0.9149217309700568,,,,,,
0,1,0,0,-1.04544835771596,-0.4594103968661684,-1.2706929128588471,-0.1289656864741449,-0.4266192416646846,-0.3555829950036889,-1.0080559469640418,-0.2720081363813634,0,1.6688486509143718,,,,,,
0,1,0,0,0.9101661447102836,0.9038525351878244,-0.6651825778235311,-1.3653654661129109,1.2870828155974334,-0.3555829950036889,-1.0080559469640418,1.3189611196983422,0,0.5379582709978995,,,,,,
0,1,0,1,0.2582946439015358,-0.4594103968661684,-0.7990162299047809,1.1074340931646207,1.0606281409403138,-0.3555829950036889,-1.0080559469640418,1.3189611196983422,0,1.1662307040335194,,,,,,
0,1,0,0,-0.9523238576004246,0.9038525351878244,-0.8701415586548523,-1.3653654661129109,-0.2447877066880349,2.809907727435166,0.9911705877184126,0.1825545078232127,1,-1.095550055799425,,,,,,
1,0,0,0,-0.3935768569072121,0.9038525351878244,-1.0213664181576667,-1.3653654661129109,-1.583195488534613,-0.3555829950036889,-1.0080559469640418,-0.7265707812677842,0,1.040576217878752,0.6589823082720125,0.5308899865533903,1.010302471565581,1.277141287787824,1.3680453976274425,1.088835777978328
0,0,0,0,-0.4867013570227475,0.9038525351878244,0.19641661868396,1.1074340931646207,1.0606281409403138,2.809907727435166,-1.0080559469640418,0.6371171527096334,1,0.160994811025742,,,,,,
1,1,0,1,-0.2073278566761413,0.9038525351878244,-0.6875856636556578,1.1074340931646207,0.2006447124773195,-0.3555829950036889,0.9911705877184126,0.6371171527096334,0,-0.8442410819820356,1.1508440457770197,0.1008886874815482,1.010302471565581,0.7594450502977093,-0.0497911469228365,-1.3468274400216007
0,0,0,0,0.8170416445947483,-0.4594103968661684,-1.498573072643028,1.1074340931646207,0.724477250801507,-0.3555829950036889,-1.0080559469640418,-0.4992894591654961,0,0.286649297934437,,,,,,
0,1,0,1,0.8170416445947483,0.9038525351878244,-0.9168076061173648,1.7256339829840035,1.08442664259136,-0.3555829950036889,-1.0080559469640418,0.6371171527096334,0,0.6636127579065945,,,,,,
0,0,0,0,0.7239171444792128,-0.4594103968661684,-1.0213664181576667,1.1074340931646207,-1.02640496457792,-0.3555829950036889,0.9911705877184126,-0.7265707812677842,0,-0.3416231358551105,,,,,,
1,1,0,1,2.493282646674386,-1.822673328920161,-0.8853336700648033,0.4892342033452379,-0.2122519689200832,-0.3555829950036889,0.9911705877184126,-0.2720081363813634,0,1.040576217878752,1.066590666657933,0.9608912856252324,1.010302471565581,0.1123247531438611,0.7772801709677991,0.4799199734783458
0,1,0,1,-0.4867013570227475,-1.822673328920161,-1.298817486740533,1.1074340931646207,1.0606281409403138,-0.3555829950036889,0.9911705877184126,0.6371171527096334,0,1.040576217878752,,,,,,
0,1,0,0,-0.0210788564450704,0.9038525351878244,0.8780979536919419,0.4892342033452379,0.5126088016862501,-0.3555829950036889,-1.0080559469640418,0.4098358306073453,0,0.286649297934437,,,,,,
0,0,0,0,0.7239171444792128,-0.4594103968661684,-0.5824713007279525,0.4892342033452379,0.7302922916407404,-0.3555829950036889,0.9911705877184126,-0.2720081363813634,0,0.0353403241170469,,,,,,
0,0,0,1,-1.1385728578314955,-0.4594103968661684,-1.1015650392159877,-1.3653654661129109,-0.7834146228018641,-0.3555829950036889,-1.0080559469640418,-2.0902587152452017,0,-0.2159686489464154,,,,,,
0,1,0,0,1.7482866457501025,0.9038525351878244,-0.9008832755281828,0.4892342033452379,0.9492700361489752,-0.3555829950036889,-1.0080559469640418,-0.0447268142790753,0,0.4123037840892044,,,,,,
1,1,0,0,-1.1385728578314955,0.9038525351878244,-0.4918049934469342,-0.7471655762935278,-0.7805454403675253,-0.3555829950036889,-1.0080559469640418,-0.7265707812677842,0,0.286649297934437,0.2815419289871738,0.9608912856252324,1.010302471565581,0.6300209906339761,0.3046679892147332,-0.1289958310216364
1,0,0,0,-0.6729503572538184,-1.822673328920161,-0.7597475851541964,-1.9835653559322937,-2.154358142416394,-0.3555829950036889,-1.0080559469640418,-1.408414748256493,0,-0.592932108918573,-1.4171016880388407,-1.1891152097339777,-0.9875479113951852,-1.440763959714756,0.6591271253523029,1.088835777978328
0,0,0,1,-0.7660748573693538,0.9038525351878244,-1.1688258672354452,0.4892342033452379,0.4337864346628633,-0.3555829950036889,0.9911705877184126,0.6371171527096334,0,-0.2159686489464154,,,,,,
0,1,0,1,-0.3935768569072121,-0.4594103968661684,-0.1854632673009121,-0.1289656864741449,0.381631751724862,-0.3555829950036889,-1.0080559469640418,-0.0447268142790753,0,0.4123037840892044,,,,,,
1,1,0,1,-1.1385728578314955,0.9038525351878244,-1.19285861540186,-1.3653654661129109,-0.8163726084343697,-0.3555829950036889,-1.0080559469640418,-1.408414748256493,0,0.0353403241170469,0.765076744374104,1.390892584697074,1.010302471565581,1.0182931688486303,-0.1679441918294137,-0.1289958310216364
0,0,0,1,-1.04544835771596,-1.822673328920161,-0.772579594978228,-0.1289656864741449,-0.8947727275932029,-0.3555829950036889,0.9911705877184126,-0.7265707812677842,0,0.160994811025742,,,,,,
0,1,0,1,0.6307926443636774,0.9038525351878244,0.1068926241189257,1.1074340931646207,1.283344350522991,-0.3555829950036889,-1.0080559469640418,0.1825545078232127,0,1.6688486509143718,,,,,,
1,0,0,0,-0.6729503572538184,-0.4594103968661684,-1.2706929128588471,-0.7471655762935278,-0.3207408912770826,2.809907727435166,0.9911705877184126,1.0916797975960542,1,-1.7238224888350453,0.4869096501279014,0.9608912856252324,1.010302471565581,1.277141287787824,-0.1679441918294137,1.088835777978328
1,0,0,1,-0.8591993574848892,-0.4594103968661684,-1.1688258672354452,0.4892342033452379,-1.4305304612726932,-0.3555829950036889,-1.0080559469640418,-0.2720081363813634,0,0.286649297934437,-0.4714767170302451,-0.3291126115902937,1.010302471565581,-0.6642196032854475,0.3046679892147332,1.088835777978328
0,0,0,0,-0.8591993574848892,-0.4594103968661684,-1.0405221866854903,-0.1289656864741449,0.5632551344537327,-0.3555829950036889,-1.0080559469640418,0.1825545078232127,0,0.5379582709978995,,,,,,
0,1,0,0,-0.6729503572538184,0.9038525351878244,-0.9331251695307932,-0.7471655762935278,0.9023621684559352,-0.3555829950036889,0.9911705877184126,0.6371171527096334,0,0.4123037840892044,,,,,,
0,1,0,0,0.6307926443636774,0.9038525351878244,-1.2177984711117342,1.7256339829840035,1.579850207500868,2.809907727435166,0.9911705877184126,-0.2720081363813634,1,1.4175396778509095,,,,,,
0,1,0,0,2.493282646674386,-0.4594103968661684,-0.949855879404472,1.1074340931646207,0.7121816966412097,-0.3555829950036889,-1.0080559469640418,0.6371171527096334,0,-0.2159686489464154,,,,,,
0,1,0,0,2.0276601460967085,-0.4594103968661684,-1.5812843497386062,0.4892342033452379,0.7121816966412097,-0.3555829950036889,-1.0080559469640418,0.6371171527096334,0,-0.0903141620377204,,,,,,
0,1,0,0,-0.4867013570227475,0.9038525351878244,0.0717339211206684,-1.9835653559322937,1.579850207500868,-0.3555829950036889,-1.0080559469640418,0.6371171527096334,0,0.286649297934437,,,,,,
0,1,0,0,0.7239171444792128,-0.4594103968661684,0.0269148679495745,-0.1289656864741449,0.4790399744556661,-0.3555829950036889,-1.0080559469640418,0.6371171527096334,0,0.9149217309700568,,,,,,
0,1,0,0,-0.5798258571382829,0.9038525351878244,-0.0509194295074127,0.4892342033452379,0.3445385550366097,-0.3555829950036889,-1.0080559469640418,-0.7265707812677842,0,1.040576217878752,,,,,,
0,1,0,0,-0.5798258571382829,-0.4594103968661684,-0.0422810353666499,0.4892342033452379,1.0137202732472737,2.809907727435166,-1.0080559469640418,1.0916797975960542,1,0.160994811025742,,,,,,
0,1,0,0,-0.4867013570227475,-0.4594103968661684,-1.2437166064105525,0.4892342033452379,0.4702687897530367,-0.3555829950036889,0.9911705877184126,-0.2720081363813634,0,0.9149217309700568,,,,,,
0,0,0,0,0.9101661447102836,-1.822673328920161,-1.1456365496131953,-0.7471655762935278,0.9580412208516044,-0.3555829950036889,0.9911705877184126,0.6371171527096334,0,0.286649297934437,,,,,,
1,0,0,0,0.9101661447102836,0.9038525351878244,-0.2953729404928667,1.1074340931646207,1.2956399046832885,-0.3555829950036889,0.9911705877184126,1.3189611196983422,0,-0.4672776220098779,0.601393931456026,1.390892584697074,1.010302471565581,1.0182931688486303,-0.0497911469228365,-1.3468274400216007
1,0,0,0,1.0032906448258192,-0.4594103968661684,-1.0213664181576667,0.4892342033452379,-0.6020053356897681,-0.3555829950036889,-1.0080559469640418,0.6371171527096334,0,0.286649297934437,0.4614797000524168,1.820893883768916,-0.9875479113951852,0.8888691095731699,0.8954332165832953,1.088835777978328
0,0,0,0,1.7482866457501025,0.9038525351878244,0.4264114290459104,0.4892342033452379,1.1488768796896585,-0.3555829950036889,0.9911705877184126,1.0916797975960542,0,0.9149217309700568,,,,,,
1,0,0,0,0.6307926443636774,-0.4594103968661684,-0.129297394409006,0.4892342033452379,0.1449656600816501,-0.3555829950036889,0.9911705877184126,0.1825545078232127,0,0.4123037840892044,1.3034897542145192,0.5308899865533903,1.010302471565581,0.8888691095731699,0.6591271253523029,1.088835777978328
0,1,0,1,-0.7660748573693538,0.9038525351878244,-0.5355844252795435,1.1074340931646207,0.5259478421487062,-0.3555829950036889,0.9911705877184126,0.6371171527096334,0,1.4175396778509095,,,,,,
0,1,0,0,-0.3935768569072121,-0.4594103968661684,0.1595236304463068,0.4892342033452379,0.7859713440364098,-0.3555829950036889,0.9911705877184126,0.1825545078232127,0,0.0353403241170469,,,,,,
0,1,0,0,-0.0210788564450704,-0.4594103968661684,-0.1593401924000034,1.1074340931646207,0.6687981984058378,-0.3555829950036889,0.9911705877184126,0.6371171527096334,0,0.6636127579065945,,,,,,
0,0,0,0,-0.7660748573693538,0.9038525351878244,0.0608108998412692,-1.3653654661129109,-0.0781727973655805,2.809907727435166,-1.0080559469640418,-0.4992894591654961,1,0.0353403241170469,,,,,,
1,0,1,0,-1.1385728578314955,0.9038525351878244,-1.391176055488331,-0.7471655762935278,-1.114619754741541,-0.3555829950036889,-1.0080559469640418,-0.0447268142790753,0,-0.9698955688907304,-0.3188310085927455,-0.7591139106621356,1.010302471565581,-0.2759474250707932,-0.28609723744491,1.088835777978328
0,0,0,1,-0.6729503572538184,-0.4594103968661684,0.2536669225478258,-1.9835653559322937,-1.0061308323845417,-0.3555829950036889,0.9911705877184126,0.6371171527096334,0,-1.7238224888350453,,,,,,
0,1,0,0,0.3514191440170712,-0.4594103968661684,-0.9331251695307932,-0.7471655762935278,0.3032316325660287,-0.3555829950036889,0.9911705877184126,-0.0447268142790753,0,0.5379582709978995,,,,,,
0,1,0,0,-0.8591993574848892,-0.4594103968661684,-0.129297394409006,0.4892342033452379,0.5689430411052482,2.809907727435166,0.9911705877184126,-0.0447268142790753,1,-0.2159686489464154,,,,,,
0,0,0,0,-0.3935768569072121,-0.4594103968661684,-0.1052646462425914,-0.1289656864741449,0.5132639887095788,2.809907727435166,0.9911705877184126,-0.9538521033700724,1,-0.7185865958272676,,,,,,
0,1,0,0,-0.9523238576004246,0.9038525351878244,-0.0422810353666499,0.4892342033452379,0.7801563031971764,-0.3555829950036889,0.9911705877184126,0.6371171527096334,0,1.040576217878752,,,,,,
0,0,0,0,0.537668144248142,0.9038525351878244,0.0644720047271973,-1.3653654661129109,1.3628219045697063,-0.3555829950036889,-1.0080559469640418,0.4098358306073453,0,0.9149217309700568,,,,,,
0,0,0,0,0.8170416445947483,0.9038525351878244,-1.2706929128588471,0.4892342033452379,0.6373059469400445,-0.3555829950036889,0.9911705877184126,0.6371171527096334,0,0.9149217309700568,,,,,,
0,0,0,0,1.18953964505689,0.9038525351878244,-0.949855879404472,-0.1289656864741449,-0.2823031512408405,-0.3555829950036889,-1.0080559469640418,0.6371171527096334,0,0.286649297934437,,,,,,
0,1,0,1,0.9101661447102836,0.9038525351878244,-0.0775335393220058,0.4892342033452379,0.4790399744556661,-0.3555829950036889,0.9911705877184126,0.6371171527096334,0,0.4123037840892044,,,,,,
0,1,0,0,-0.3004523567916767,-0.4594103968661684,-1.2706929128588471,-1.3653654661129109,-0.0220714971053576,-0.3555829950036889,-1.0080559469640418,-0.7265707812677842,0,1.1662307040335194,,,,,,
0,1,0,0,-0.3004523567916767,0.9038525351878244,-1.3589341614857204,1.1074340931646207,0.5075760820580634,-0.3555829950036889,-1.0080559469640418,-0.2720081363813634,0,-0.592932108918573,,,,,,
0,1,0,0,0.0720456436704649,0.9038525351878244,-0.3827157148254578,-1.3653654661129109,1.0497803804728936,-0.3555829950036889,-1.0080559469640418,1.0916797975960542,0,-0.9698955688907304,,,,,,
1,0,0,1,-0.8591993574848892,-0.4594103968661684,-0.64351415325845,-0.7471655762935278,-0.1008938641287445,-0.3555829950036889,-1.0080559469640418,-0.0447268142790753,0,-0.2159686489464154,0.0671339519247775,0.1008886874815482,-0.9875479113951852,-1.0524917815001018,-0.8768624641045535,1.088835777978328
1,0,0,1,-0.7660748573693538,-0.4594103968661684,-1.080584618608572,0.4892342033452379,0.1361944753790209,2.809907727435166,0.9911705877184126,-0.0447268142790753,1,-2.1007859488072027,0.2815419289871738,-0.3291126115902937,1.010302471565581,0.7594450502977093,0.0683618986926597,1.088835777978328
0,0,0,0,0.9101661447102836,-0.4594103968661684,-0.8701415586548523,-1.3653654661129109,-0.4696144406212268,2.809907727435166,-1.0080559469640418,0.6371171527096334,1,0.9149217309700568,,,,,,
0,0,0,1,-0.3935768569072121,0.9038525351878244,-0.2891091235317473,1.1074340931646207,0.903017355479264,-0.3555829950036889,0.9911705877184126,0.6371171527096334,0,-0.2159686489464154,,,,,,
0,0,0,0,0.1651701437860003,0.9038525351878244,-0.3972399861162685,1.1074340931646207,1.1488768796896585,-0.3555829950036889,0.9911705877184126,0.1825545078232127,0,0.160994811025742,,,,,,
0,1,0,1,2.307033646443315,0.9038525351878244,-1.5812843497386062,1.1074340931646207,1.9128360184599764,2.809907727435166,0.9911705877184126,0.8643984748119214,1,1.4175396778509095,,,,,,
0,1,0,0,3.797025648291881,-1.822673328920161,-0.3409653439472428,-0.7471655762935278,-0.1912191786428804,-0.3555829950036889,0.9911705877184126,1.0916797975960542,0,0.4123037840892044,,,,,,
0,0,0,0,0.6307926443636774,-1.822673328920161,-0.8853336700648033,0.4892342033452379,0.5816268945443752,-0.3555829950036889,-1.0080559469640418,0.1825545078232127,0,-0.0903141620377204,,,,,,
0,1,0,0,-0.6729503572538184,0.9038525351878244,-0.5089703154649504,-0.7471655762935278,0.0892866076859808,-0.3555829950036889,0.9911705877184126,0.6371171527096334,0,-0.0903141620377204,,,,,,
0,1,0,0,-0.7660748573693538,-0.4594103968661684,0.0307681018502718,-0.1289656864741449,-0.1891086542923655,-0.3555829950036889,0.9911705877184126,-0.4992894591654961,0,-1.346859028862888,,,,,,
0,1,0,0,2.0276601460967085,0.9038525351878244,-0.4196430719483952,1.1074340931646207,1.640128663133145,-0.3555829950036889,0.9911705877184126,1.3189611196983422,0,1.4175396778509095,,,,,,
0,1,0,1,-0.1142033565606058,0.9038525351878244,-0.1593401924000034,0.4892342033452379,1.1988680254338124,-0.3555829950036889,0.9911705877184126,0.4098358306073453,0,0.4123037840892044,,,,,,
1,0,1,0,-0.7660748573693538,0.9038525351878244,-0.0509194295074127,-0.7471655762935278,-0.705014503643031,-0.3555829950036889,-1.0080559469640418,-1.6356960703587813,0,-1.598168001926351,-0.4714767170302451,-0.7591139106621356,-0.9875479113951852,0.5005969313585155,-0.9950155097200494,-0.7379116355216186
0,1,0,0,-0.6729503572538184,0.9038525351878244,-0.5446994351940471,0.4892342033452379,-0.4675039162707119,2.809907727435166,0.9911705877184126,0.4098358306073453,1,-0.0903141620377204,,,,,,
1,0,0,1,0.9101661447102836,-0.4594103968661684,-0.2352562657476793,0.4892342033452379,0.2002224646127659,2.809907727435166,0.9911705877184126,0.6371171527096334,1,0.7892672440613618,0.9072494855477118,1.390892584697074,1.010302471565581,1.277141287787824,0.5409740804457256,1.088835777978328
0,1,0,0,-0.6729503572538184,-0.4594103968661684,-1.2177984711117342,0.4892342033452379,0.2002224646127659,-0.3555829950036889,-1.0080559469640418,-0.4992894591654961,0,0.160994811025742,,,,,,
0,0,0,0,1.18953964505689,0.9038525351878244,-0.3276148344954767,1.1074340931646207,-0.2468982310385497,-0.3555829950036889,0.9911705877184126,1.3189611196983422,0,0.0353403241170469,,,,,,
0,0,0,0,-0.3935768569072121,0.9038525351878244,-0.4668651377370598,-0.1289656864741449,0.7822328789619676,2.809907727435166,-1.0080559469640418,-0.7265707812677842,1,-0.2159686489464154,,,,,,
0,1,0,0,-0.9523238576004246,0.9038525351878244,-0.017023397615718,1.1074340931646207,1.260234984480997,-0.3555829950036889,-1.0080559469640418,0.1825545078232127,0,0.0353403241170469,,,,,,
1,0,0,1,-1.1385728578314955,-0.4594103968661684,-1.1688258672354452,1.1074340931646207,-0.5991361532554291,-0.3555829950036889,-1.0080559469640418,-1.408414748256493,0,-0.3416231358551105,0.8261886023033655,-0.3291126115902937,1.010302471565581,0.8888691095731699,-0.4042502830604059,1.088835777978328
0,0,0,1,-0.8591993574848892,-1.822673328920161,-0.2646312236195357,0.4892342033452379,0.7157060660988779,-0.3555829950036889,0.9911705877184126,0.4098358306073453,0,0.160994811025742,,,,,,
0,1,0,1,0.0720456436704649,0.9038525351878244,0.0421948028351876,1.1074340931646207,1.0143754602706028,-0.3555829950036889,0.9911705877184126,0.8643984748119214,0,0.6636127579065945,,,,,,
1,1,0,0,-0.0210788564450704,0.9038525351878244,-0.3342563752403276,0.4892342033452379,0.4337864346628633,-0.3555829950036889,0.9911705877184126,0.1825545078232127,0,0.9149217309700568,0.2875779333483427,0.9608912856252324,1.010302471565581,0.1123247531438611,1.6043514888584347,0.4799199734783458
0,0,0,0,-0.3004523567916767,0.9038525351878244,-0.301696699196659,1.1074340931646207,0.5347190268513354,-0.3555829950036889,-1.0080559469640418,-0.4992894591654961,0,0.9149217309700568,,,,,,
0,0,0,0,-0.3004523567916767,0.9038525351878244,-0.4833866918116685,0.4892342033452379,0.8270641708902166,-0.3555829950036889,-1.0080559469640418,0.1825545078232127,0,1.1662307040335194,,,,,,
1,0,0,1,-0.2073278566761413,-0.4594103968661684,-1.080584618608572,0.4892342033452379,1.028092403172362,-0.3555829950036889,0.9911705877184126,1.0916797975960542,0,0.5379582709978995,0.4996411271617919,0.5308899865533903,1.010302471565581,0.7594450502977093,0.8954332165832953,1.088835777978328
0,1,0,0,-0.3935768569072121,-0.4594103968661684,-0.6762891878641176,0.4892342033452379,-0.6576843880854374,2.809907727435166,0.9911705877184126,0.6371171527096334,1,1.5431941640056768,,,,,,
0,0,0,1,-0.6729503572538184,0.9038525351878244,-0.6651825778235311,1.7256339829840035,1.5060605601056682,-0.3555829950036889,-1.0080559469640418,0.4098358306073453,0,0.7892672440613618,,,,,,
0,0,0,0,1.7482866457501025,0.9038525351878244,-0.4750742835732558,1.7256339829840035,1.5060605601056682,-0.3555829950036889,0.9911705877184126,1.0916797975960542,0,0.4123037840892044,,,,,,
0,0,0,0,-0.8591993574848892,0.9038525351878244,-0.3409653439472428,-1.9835653559322937,-0.1891086542923655,-0.3555829950036889,-1.0080559469640418,0.8643984748119214,0,0.5379582709978995,,,,,,
0,1,0,0,-0.7660748573693538,-0.4594103968661684,-1.2177984711117342,-1.3653654661129109,-1.1504469228083856,-0.3555829950036889,-1.0080559469640418,-2.3175400373474897,0,-0.2159686489464154,,,,,,
0,1,0,0,-0.0210788564450704,0.9038525351878244,-0.9168076061173648,1.1074340931646207,1.204555932085328,2.809907727435166,0.9911705877184126,0.4098358306073453,1,0.7892672440613618,,,,,,
0,1,0,0,0.8170416445947483,-0.4594103968661684,-0.4668651377370598,-0.1289656864741449,0.0336075552903117,-0.3555829950036889,-1.0080559469640418,-0.4992894591654961,0,-0.4672776220098779,,,,,,
0,1,0,0,-0.4867013570227475,0.9038525351878244,-1.0405221866854903,0.4892342033452379,0.2475525801703596,-0.3555829950036889,0.9911705877184126,1.3189611196983422,0,1.1662307040335194,,,,,,
0,1,0,1,0.7239171444792128,-0.4594103968661684,-1.498573072643028,0.4892342033452379,0.8270641708902166,-0.3555829950036889,-1.0080559469640418,0.6371171527096334,0,0.5379582709978995,,,,,,
0,1,0,0,-0.3935768569072121,0.9038525351878244,-0.3145287090206906,-0.1289656864741449,0.54866890891187,-0.3555829950036889,-1.0080559469640418,-0.9538521033700724,0,-0.4672776220098779,,,,,,
1,0,0,0,-0.6729503572538184,-0.4594103968661684,-0.129297394409006,0.4892342033452379,-0.6135082831805173,2.809907727435166,0.9911705877184126,-0.7265707812677842,1,-0.8442410819820356,-1.4171016880388407,-1.1891152097339777,-0.9875479113951852,-1.440763959714756,-0.5224033279669839,1.088835777978328
0,0,1,0,-0.0210788564450704,-0.4594103968661684,-1.3281924446123898,1.7256339829840035,0.4558966598279484,-0.3555829950036889,0.9911705877184126,1.3189611196983422,0,0.160994811025742,,,,,,
0,0,0,0,0.1651701437860003,-0.4594103968661684,-0.3342563752403276,0.4892342033452379,0.5689430411052482,-0.3555829950036889,-1.0080559469640418,-0.0447268142790753,0,-0.0903141620377204,,,,,,
0,1,0,0,1.2826641451724254,0.9038525351878244,-0.7990162299047809,1.1074340931646207,0.0661432930582633,-0.3555829950036889,0.9911705877184126,0.6371171527096334,0,1.040576217878752,,,,,,
0,0,0,0,1.0032906448258192,-1.822673328920161,-1.3281924446123898,-0.7471655762935278,0.2475525801703596,-0.3555829950036889,0.9911705877184126,-0.0447268142790753,0,1.2918851909422144,,,,,,
0,0,0,0,0.7239171444792128,0.9038525351878244,-0.6875856636556578,1.1074340931646207,1.1163071933359832,-0.3555829950036889,0.9911705877184126,0.6371171527096334,0,1.2918851909422144,,,,,,
0,1,0,0,-0.7660748573693538,0.9038525351878244,-0.1491734112279074,1.7256339829840035,2.159784046085279,-0.3555829950036889,-1.0080559469640418,1.3189611196983422,0,1.6688486509143718,,,,,,
0,1,0,1,-1.04544835771596,-0.4594103968661684,-0.4507465888535639,0.4892342033452379,0.1449656600816501,-0.3555829950036889,0.9911705877184126,-0.4992894591654961,0,0.286649297934437,,,,,,
0,1,0,0,-0.9523238576004246,0.9038525351878244,-0.0685425470003681,0.4892342033452379,0.0997121202888474,-0.3555829950036889,0.9911705877184126,-0.2720081363813634,0,-0.592932108918573,,,,,,
0,0,0,0,0.0720456436704649,-0.4594103968661684,-1.2706929128588471,1.7256339829840035,0.7157060660988779,-0.3555829950036889,0.9911705877184126,0.8643984748119214,0,1.6688486509143718,,,,,,
0,0,0,1,-0.9523238576004246,0.9038525351878244,-0.301696699196659,-0.7471655762935278,-0.1537037340900747,-0.3555829950036889,-1.0080559469640418,0.1825545078232127,0,0.286649297934437,,,,,,
0,0,0,0,-0.6729503572538184,0.9038525351878244,-0.3342563752403276,0.4892342033452379,-0.3351130212021709,-0.3555829950036889,-1.0080559469640418,-0.2720081363813634,0,0.286649297934437,,,,,,
0,1,0,0,-0.6729503572538184,0.9038525351878244,-0.5539419318923252,1.1074340931646207,1.272496590055571,-0.3555829950036889,0.9911705877184126,1.3189611196983422,0,0.4123037840892044,,,,,,
0,1,0,0,-0.4867013570227475,0.9038525351878244,-0.1195791642411642,0.4892342033452379,0.7713851184945472,2.809907727435166,0.9911705877184126,0.1825545078232127,1,0.6636127579065945,,,,,,
0,1,0,0,-0.4867013570227475,0.9038525351878244,-0.2182383019065798,1.1074340931646207,0.3032316325660287,-0.3555829950036889,-1.0080559469640418,-2.0902587152452017,0,0.4123037840892044,,,,,,
0,0,0,0,-0.5798258571382829,0.9038525351878244,-0.3685038177979189,0.4892342033452379,-0.0567177592238243,-0.3555829950036889,-1.0080559469640418,0.1825545078232127,0,0.4123037840892044,,,,,,
0,1,0,0,0.2582946439015358,0.9038525351878244,-0.0912536392429394,0.4892342033452379,1.3427618679931026,2.809907727435166,0.9911705877184126,0.8643984748119214,1,0.4123037840892044,,,,,,
0,0,0,1,-0.7660748573693538,0.9038525351878244,-0.3899379478235324,-0.1289656864741449,0.3676818696643273,2.809907727435166,0.9911705877184126,1.3189611196983422,1,1.1662307040335194,,,,,,
0,1,0,0,0.1651701437860003,0.9038525351878244,-1.298817486740533,1.1074340931646207,0.9580412208516044,-0.3555829950036889,0.9911705877184126,0.4098358306073453,0,0.160994811025742,,,,,,
0,1,0,0,1.3757886452879609,0.9038525351878244,-0.6875856636556578,1.1074340931646207,1.9128360184599764,-0.3555829950036889,0.9911705877184126,0.8643984748119214,0,1.5431941640056768,,,,,,
0,1,0,0,1.4689131454034965,0.9038525351878244,-0.6762891878641176,0.4892342033452379,0.5347190268513354,-0.3555829950036889,0.9911705877184126,0.4098358306073453,0,0.6636127579065945,,,,,,
0,0,0,1,-0.7660748573693538,-0.4594103968661684,-0.3477431237899158,-1.3653654661129109,-0.253558891390664,-0.3555829950036889,-1.0080559469640418,0.4098358306073453,0,-0.0903141620377204,,,,,,
0,1,0,0,-0.3004523567916767,-0.4594103968661684,-0.3342563752403276,0.4892342033452379,-0.1338518497612499,-0.3555829950036889,-1.0080559469640418,-0.7265707812677842,0,-0.4672776220098779,,,,,,
0,0,0,0,-0.7660748573693538,-1.822673328920161,-0.1644828466934966,0.4892342033452379,-1.618600408736904,-0.3555829950036889,-1.0080559469640418,-0.9538521033700724,0,0.5379582709978995,,,,,,
0,0,0,0,1.18953964505689,0.9038525351878244,-1.425072087380026,-1.9835653559322937,0.8270641708902166,-0.3555829950036889,0.9911705877184126,0.6371171527096334,0,0.6636127579065945,,,,,,
0,0,0,1,-0.8591993574848892,-1.822673328920161,-1.0405221866854903,-1.3653654661129109,-2.098679090020725,-0.3555829950036889,-1.0080559469640418,-2.0902587152452017,0,-1.7238224888350453,,,,,,
0,1,0,0,-0.6729503572538184,0.9038525351878244,-0.64351415325845,-0.7471655762935278,0.1785344873122343,-0.3555829950036889,-1.0080559469640418,-1.408414748256493,0,-0.3416231358551105,,,,,,
1,1,0,0,0.1651701437860003,0.9038525351878244,-0.0596722427882147,0.4892342033452379,0.6600270137032085,-0.3555829950036889,0.9911705877184126,1.0916797975960542,0,0.0353403241170469,0.1670576476590491,-0.3291126115902937,-0.9875479113951852,0.3711728720830549,1.1317393071053687,-0.1289958310216364
0,1,0,0,-0.9523238576004246,0.9038525351878244,-0.2891091235317473,-1.3653654661129109,-1.0061308323845417,-0.3555829950036889,0.9911705877184126,-0.7265707812677842,0,0.7892672440613618,,,,,,
0,1,0,1,-0.2073278566761413,-0.4594103968661684,-0.3342563752403276,0.4892342033452379,0.1410190427594285,-0.3555829950036889,-1.0080559469640418,-0.0447268142790753,0,0.9149217309700568,,,,,,
1,1,0,1,1.4689131454034965,-0.4594103968661684,-1.9966863905236472,1.1074340931646207,0.1120076744491449,-0.3555829950036889,0.9911705877184126,-2.5448213601316225,0,0.9149217309700568,-1.4171016880388407,-1.1891152097339777,-0.9875479113951852,-1.440763959714756,1.249892352720865,1.088835777978328
0,1,0,0,-0.3004523567916767,0.9038525351878244,-1.5812843497386062,0.4892342033452379,1.1488768796896585,-0.3555829950036889,0.9911705877184126,0.4098358306073453,0,0.286649297934437,,,,,,
0,1,0,1,-0.8591993574848892,-0.4594103968661684,-1.6268767531929829,-1.9835653559322937,-1.4288421847867316,-0.3555829950036889,-1.0080559469640418,-0.9538521033700724,0,1.2918851909422144,,,,,,
0,1,0,0,-1.04544835771596,-0.4594103968661684,-0.2829041226217235,-0.7471655762935278,-1.0618098847802109,-0.3555829950036889,0.9911705877184126,-0.9538521033700724,0,-0.0903141620377204,,,,,,
0,1,0,1,-0.4867013570227475,0.9038525351878244,-0.1696658359423929,1.7256339829840035,0.8235398014325486,-0.3555829950036889,0.9911705877184126,0.1825545078232127,0,1.1662307040335194,,,,,,
0,1,0,0,-0.5798258571382829,0.9038525351878244,-0.2953729404928667,1.1074340931646207,0.3781073822671941,-0.3555829950036889,0.9911705877184126,-0.4992894591654961,0,-0.9698955688907304,,,,,,
0,1,0,1,-0.7660748573693538,0.9038525351878244,-0.5089703154649504,0.4892342033452379,0.994523575941778,-0.3555829950036889,-1.0080559469640418,0.4098358306073453,0,1.4175396778509095,,,,,,
0,0,0,1,-1.04544835771596,-0.4594103968661684,-0.6651825778235311,-1.3653654661129109,0.2006447124773195,-0.3555829950036889,-1.0080559469640418,0.6371171527096334,0,0.4123037840892044,,,,,,
0,0,0,1,-0.1142033565606058,0.9038525351878244,-1.2177984711117342,0.4892342033452379,0.3781073822671941,-0.3555829950036889,-1.0080559469640418,-0.2720081363813634,0,-0.2159686489464154,,,,,,
0,1,0,0,-0.7660748573693538,-1.822673328920161,-0.2586508412506433,-1.3653654661129109,0.3904029364274912,-0.3555829950036889,0.9911705877184126,0.6371171527096334,0,0.7892672440613618,,,,,,
0,1,0,1,-0.7660748573693538,-0.4594103968661684,-0.2352562657476793,0.4892342033452379,0.7574352364340124,-0.3555829950036889,-1.0080559469640418,1.3189611196983422,0,1.6688486509143718,,,,,,
0,0,0,1,-0.9523238576004246,0.9038525351878244,-0.4833866918116685,-0.7471655762935278,0.4702687897530367,-0.3555829950036889,-1.0080559469640418,-0.0447268142790753,0,-0.0903141620377204,,,,,,
0,1,0,0,0.6307926443636774,0.9038525351878244,-0.3755715615511873,0.4892342033452379,1.584449610737476,-0.3555829950036889,0.9911705877184126,0.6371171527096334,0,0.4123037840892044,,,,,,
0,1,0,0,0.3514191440170712,0.9038525351878244,-0.3615108663871719,0.4892342033452379,0.7591235129199738,-0.3555829950036889,-1.0080559469640418,-1.8629773931429137,0,-1.221204541954193,,,,,,
0,0,0,1,-0.6729503572538184,-1.822673328920161,-0.6122881360764182,1.1074340931646207,1.4829511940636746,-0.3555829950036889,-1.0080559469640418,1.3189611196983422,0,0.6636127579065945,,,,,,
0,0,0,1,-0.7660748573693538,0.9038525351878244,-0.8265547037554567,-0.7471655762935278,-1.3748514088770238,-0.3555829950036889,-1.0080559469640418,-1.1811334261542046,0,-0.3416231358551105,,,,,,
0,1,0,0,-0.3935768569072121,0.9038525351878244,-0.5177231287457524,0.4892342033452379,0.724477250801507,2.809907727435166,0.9911705877184126,-0.0447268142790753,1,0.286649297934437,,,,,,
0,0,0,1,2.307033646443315,0.9038525351878244,-0.2891091235317473,0.4892342033452379,0.164817544410475,-0.3555829950036889,-1.0080559469640418,0.1825545078232127,0,0.7892672440613618,,,,,,
0,1,0,0,0.9101661447102836,-1.822673328920161,-0.6542595565441318,1.7256339829840035,0.0888643598214272,-0.3555829950036889,-1.0080559469640418,0.6371171527096334,0,1.6688486509143718,,,,,,
0,1,0,0,0.2582946439015358,0.9038525351878244,-0.6021989669475901,0.4892342033452379,-0.7277355704061951,-0.3555829950036889,0.9911705877184126,0.1825545078232127,0,-0.4672776220098779,,,,,,
0,1,0,0,-1.04544835771596,0.9038525351878244,-0.5003319213241877,-0.7471655762935278,1.1488768796896585,-0.3555829950036889,-1.0080559469640418,0.4098358306073453,0,0.6636127579065945,,,,,,
0,1,0,0,-0.5798258571382829,0.9038525351878244,-1.0213664181576667,0.4892342033452379,1.283344350522991,-0.3555829950036889,0.9911705877184126,-0.0447268142790753,0,-0.2159686489464154,,,,,,
0,1,0,0,-0.0210788564450704,-1.822673328920161,-0.6875856636556578,1.1074340931646207,0.9530085012234176,-0.3555829950036889,0.9911705877184126,0.8643984748119214,0,0.0353403241170469,,,,,,
0,1,0,0,1.9345356459811731,0.9038525351878244,-0.6990786097152257,1.1074340931646207,-0.1912191786428804,-0.3555829950036889,-1.0080559469640418,0.6371171527096334,0,0.4123037840892044,,,,,,
0,1,0,0,-0.9523238576004246,0.9038525351878244,-0.5265934329579053,1.1074340931646207,0.5682878540819196,2.809907727435166,0.9911705877184126,-0.9538521033700724,1,-0.592932108918573,,,,,,
0,0,0,0,3.1451541474831335,-1.822673328920161,-0.5355844252795435,1.1074340931646207,0.177501397849602,-0.3555829950036889,0.9911705877184126,0.6371171527096334,0,0.4123037840892044,,,,,,
0,0,0,1,-0.9523238576004246,0.9038525351878244,-0.3972399861162685,1.1074340931646207,1.641217166548053,-0.3555829950036889,-1.0080559469640418,1.0916797975960542,0,1.5431941640056768,,,,,,
0,1,0,0,0.0720456436704649,-0.4594103968661684,-1.1688258672354452,0.4892342033452379,0.9530085012234176,-0.3555829950036889,0.9911705877184126,-0.0447268142790753,0,0.0353403241170469,,,,,,
0,0,0,0,0.2582946439015358,0.9038525351878244,-0.6990786097152257,-1.3653654661129109,0.3672596217997738,-0.3555829950036889,-1.0080559469640418,0.4098358306073453,0,1.1662307040335194,,,,,,
0,0,0,0,3.1451541474831335,0.9038525351878244,-0.7107749812779072,0.4892342033452379,1.283344350522991,-0.3555829950036889,0.9911705877184126,0.4098358306073453,0,1.040576217878752,,,,,,
0,1,0,0,0.3514191440170712,0.9038525351878244,-0.6542595565441318,0.4892342033452379,1.7143516269199244,-0.3555829950036889,0.9911705877184126,-0.0447268142790753,0,-0.0903141620377204,,,,,,
0,1,0,1,-0.8591993574848892,0.9038525351878244,-0.3972399861162685,-0.7471655762935278,0.6940180887983461,-0.3555829950036889,-1.0080559469640418,0.6371171527096334,0,1.040576217878752,,,,,,
0,1,0,0,0.9101661447102836,0.9038525351878244,-0.6762891878641176,-1.9835653559322937,0.5816268945443752,-0.3555829950036889,0.9911705877184126,0.8643984748119214,0,1.040576217878752,,,,,,
0,1,0,0,-0.7660748573693538,0.9038525351878244,-0.3972399861162685,0.4892342033452379,0.3347238840318222,-0.3555829950036889,0.9911705877184126,-0.4992894591654961,0,0.5379582709978995,,,,,,
0,0,0,0,-0.9523238576004246,0.9038525351878244,-0.0596722427882147,1.7256339829840035,2.159784046085279,-0.3555829950036889,0.9911705877184126,1.3189611196983422,0,1.6688486509143718,,,,,,
0,0,0,1,-0.9523238576004246,0.9038525351878244,-0.5355844252795435,-1.3653654661129109,-0.0777505495010269,-0.3555829950036889,-1.0080559469640418,0.6371171527096334,0,1.2918851909422144,,,,,,
0,1,0,0,3.052029647367598,0.9038525351878244,-0.6651825778235311,1.1074340931646207,1.579850207500868,-0.3555829950036889,0.9911705877184126,0.6371171527096334,0,-0.0903141620377204,,,,,,
0,0,0,1,-0.8591993574848892,0.9038525351878244,-1.391176055488331,0.4892342033452379,-0.6345410734577198,-0.3555829950036889,0.9911705877184126,0.1825545078232127,0,0.4123037840892044,,,,,,
0,1,0,0,0.9101661447102836,-0.4594103968661684,-1.3281924446123898,1.1074340931646207,0.8473383030835946,-0.3555829950036889,0.9911705877184126,0.1825545078232127,0,0.286649297934437,,,,,,
0,1,0,0,-0.6729503572538184,-0.4594103968661684,-0.2891091235317473,1.1074340931646207,1.283344350522991,-0.3555829950036889,0.9911705877184126,1.3189611196983422,0,1.1662307040335194,,,,,,
0,1,0,0,-0.6729503572538184,0.9038525351878244,-0.6875856636556578,0.4892342033452379,1.746887364687876,-0.3555829950036889,0.9911705877184126,1.3189611196983422,0,0.286649297934437,,,,,,
0,0,0,0,0.2582946439015358,0.9038525351878244,-0.5824713007279525,1.1074340931646207,1.1488768796896585,-0.3555829950036889,0.9911705877184126,0.4098358306073453,0,-0.0903141620377204,,,,,,
0,1,0,0,-0.1142033565606058,0.9038525351878244,-0.5922615204096352,1.1074340931646207,0.1218223454539326,2.809907727435166,0.9911705877184126,1.0916797975960542,1,1.4175396778509095,,,,,,
0,1,0,0,1.3757886452879609,-1.822673328920161,-0.8552908720738063,0.4892342033452379,0.8270641708902166,-0.3555829950036889,0.9911705877184126,0.4098358306073453,0,1.5431941640056768,,,,,,
0,0,0,0,0.3514191440170712,-1.822673328920161,-1.080584618608572,0.4892342033452379,0.4786177265911124,-0.3555829950036889,-1.0080559469640418,0.4098358306073453,0,1.040576217878752,,,,,,
0,1,0,0,-0.6729503572538184,-0.4594103968661684,-0.7597475851541964,1.1074340931646207,1.204555932085328,-0.3555829950036889,-1.0080559469640418,0.8643984748119214,0,0.5379582709978995,,,,,,
0,0,0,0,-0.2073278566761413,-0.4594103968661684,-0.4046236131172566,1.1074340931646207,0.6565026442455405,-0.3555829950036889,0.9911705877184126,0.8643984748119214,0,0.6636127579065945,,,,,,
0,1,0,0,-0.0210788564450704,-0.4594103968661684,-1.1015650392159877,1.1074340931646207,-2.154358142416394,-0.3555829950036889,0.9911705877184126,-2.7721026822339105,0,1.6688486509143718,,,,,,
0,1,0,1,-0.8591993574848892,-0.4594103968661684,-0.949855879404472,-0.7471655762935278,0.3032316325660287,-0.3555829950036889,-1.0080559469640418,0.4098358306073453,0,0.6636127579065945,,,,,,
0,0,0,1,-0.9523238576004246,-0.4594103968661684,-1.0405221866854903,0.4892342033452379,1.1431889730381433,-0.3555829950036889,0.9911705877184126,-0.7265707812677842,0,-0.7185865958272676,,,,,,
0,1,0,0,-0.6729503572538184,0.9038525351878244,-1.425072087380026,1.7256339829840035,0.8272782665069909,-0.3555829950036889,-1.0080559469640418,1.3189611196983422,0,1.6688486509143718,,,,,,
0,0,0,1,-0.8591993574848892,0.9038525351878244,-1.4608012071091223,1.1074340931646207,1.691208312292207,-0.3555829950036889,-1.0080559469640418,-0.7265707812677842,0,1.1662307040335194,,,,,,
0,1,0,0,0.537668144248142,0.9038525351878244,-1.6268767531929829,0.4892342033452379,1.2822558471080834,-0.3555829950036889,-1.0080559469640418,0.1825545078232127,0,-0.0903141620377204,,,,,,
0,0,0,0,-0.5798258571382829,0.9038525351878244,-2.64484557073146,1.1074340931646207,0.692984999335714,-0.3555829950036889,0.9911705877184126,0.6371171527096334,0,-0.0903141620377204,,,,,,
0,0,0,0,-0.6729503572538184,-0.4594103968661684,-0.9331251695307932,0.4892342033452379,1.1488768796896585,-0.3555829950036889,0.9911705877184126,-0.0447268142790753,0,-0.4672776220098779,,,,,,
0,0,0,0,-0.4867013570227475,0.9038525351878244,-1.1015650392159877,1.1074340931646207,1.0931978272939893,-0.3555829950036889,0.9911705877184126,0.4098358306073453,0,0.0353403241170469,,,,,,
0,0,0,1,-0.3935768569072121,0.9038525351878244,-1.0213664181576667,1.1074340931646207,0.7916592506879253,-0.3555829950036889,-1.0080559469640418,0.4098358306073453,0,-0.2159686489464154,,,,,,
0,0,0,1,-1.04544835771596,-0.4594103968661684,-0.9846443189154434,1.1074340931646207,0.0336075552903117,-0.3555829950036889,0.9911705877184126,-0.0447268142790753,0,-0.3416231358551105,,,,,,
0,0,0,0,-0.1142033565606058,0.9038525351878244,-1.5386355045661095,-0.7471655762935278,-0.2595820844776766,2.809907727435166,0.9911705877184126,1.0916797975960542,1,0.286649297934437,,,,,,
0,1,0,1,-0.2073278566761413,0.9038525351878244,-0.949855879404472,1.7256339829840035,1.0931978272939893,-0.3555829950036889,-1.0080559469640418,-1.408414748256493,0,-0.7185865958272676,,,,,,
0,0,0,0,-0.8591993574848892,0.9038525351878244,-0.5089703154649504,0.4892342033452379,-0.327609703876976,-0.3555829950036889,-1.0080559469640418,-2.7721026822339105,0,-0.2159686489464154,,,,,,
0,1,0,0,0.1651701437860003,0.9038525351878244,-0.5539419318923252,0.4892342033452379,-0.0567177592238243,-0.3555829950036889,-1.0080559469640418,0.1825545078232127,0,0.4123037840892044,,,,,,
0,1,0,0,-0.3935768569072121,0.9038525351878244,0.7451338119225166,1.7256339829840035,1.5060605601056682,-0.3555829950036889,0.9911705877184126,1.3189611196983422,0,-1.84947697574374,,,,,,
0,1,0,0,-1.1385728578314955,0.9038525351878244,-0.8701415586548523,1.1074340931646207,1.6355292598965374,-0.3555829950036889,-1.0080559469640418,0.1825545078232127,0,0.7892672440613618,,,,,,
0,1,0,1,-0.3935768569072121,0.9038525351878244,-0.7990162299047809,-0.1289656864741449,0.4337864346628633,-0.3555829950036889,-1.0080559469640418,-0.0447268142790753,0,-0.3416231358551105,,,,,,
0,1,0,0,-0.3935768569072121,-0.4594103968661684,-1.1688258672354452,1.1074340931646207,1.204555932085328,-0.3555829950036889,0.9911705877184126,0.6371171527096334,0,1.6688486509143718,,,,,,
0,1,0,0,0.1651701437860003,0.9038525351878244,-0.6542595565441318,1.1074340931646207,1.3071428521740374,-0.3555829950036889,-1.0080559469640418,0.6371171527096334,0,0.4123037840892044,,,,,,
0,1,0,0,0.3514191440170712,0.9038525351878244,-0.772579594978228,-0.1289656864741449,0.0331853074257581,-0.3555829950036889,0.9911705877184126,-0.2720081363813634,0,-0.4672776220098779,,,,,,
0,1,0,0,1.4689131454034965,0.9038525351878244,-0.5539419318923252,-0.1289656864741449,-0.1912191786428804,-0.3555829950036889,-1.0080559469640418,0.4098358306073453,0,1.1662307040335194,,,,,,
0,1,0,1,-0.7660748573693538,-0.4594103968661684,-0.5003319213241877,1.1074340931646207,0.846683116060266,2.809907727435166,0.9911705877184126,-0.0447268142790753,1,0.4123037840892044,,,,,,
1,0,0,1,-0.4867013570227475,-0.4594103968661684,-1.2177984711117342,1.1074340931646207,-0.2325261011134614,-0.3555829950036889,-1.0080559469640418,1.3189611196983422,0,0.286649297934437,0.5250710772372763,0.9608912856252324,-0.9875479113951852,1.277141287787824,0.6591271253523029,1.088835777978328
0,1,0,0,3.4245276478297395,-0.4594103968661684,-1.3281924446123898,0.4892342033452379,-0.2122519689200832,-0.3555829950036889,-1.0080559469640418,0.6371171527096334,0,0.6636127579065945,,,,,,
0,1,0,0,-0.2073278566761413,-0.4594103968661684,-1.080584618608572,1.1074340931646207,1.1163071933359832,2.809907727435166,0.9911705877184126,1.3189611196983422,1,0.286649297934437,,,,,,
0,1,0,0,-1.04544835771596,0.9038525351878244,-0.9168076061173648,0.4892342033452379,1.357133997918191,-0.3555829950036889,0.9911705877184126,0.6371171527096334,0,-0.0903141620377204,,,,,,
0,1,0,0,1.0964151449413546,0.9038525351878244,-0.5824713007279525,0.4892342033452379,1.3060543487591294,-0.3555829950036889,0.9911705877184126,-0.2720081363813634,0,-0.4672776220098779,,,,,,
0,0,0,0,-0.3004523567916767,-1.822673328920161,-0.5922615204096352,-1.3653654661129109,0.3115805694041046,-0.3555829950036889,0.9911705877184126,-0.4992894591654961,0,-0.7185865958272676,,,,,,
0,1,0,0,1.7482866457501025,-0.4594103968661684,-1.1232334637810686,1.1074340931646207,0.2559015170084353,-0.3555829950036889,0.9911705877184126,-0.0447268142790753,0,0.4123037840892044,,,,,,
0,0,0,0,1.841411145865638,0.9038525351878244,-1.5812843497386062,0.4892342033452379,0.981839722502651,-0.3555829950036889,0.9911705877184126,0.6371171527096334,0,-0.3416231358551105,,,,,,
0,0,1,0,-0.4867013570227475,-0.4594103968661684,-0.8126420269013093,1.1074340931646207,1.204555932085328,2.809907727435166,0.9911705877184126,0.4098358306073453,1,0.5379582709978995,,,,,,
0,0,0,0,-0.2073278566761413,0.9038525351878244,-0.6762891878641176,1.1074340931646207,0.9023621684559352,-0.3555829950036889,0.9911705877184126,1.0916797975960542,0,0.4123037840892044,,,,,,
0,0,0,0,3.1451541474831335,0.9038525351878244,-1.2706929128588471,0.4892342033452379,0.2563237648729888,-0.3555829950036889,0.9911705877184126,0.8643984748119214,0,1.5431941640056768,,,,,,
0,1,0,0,0.2582946439015358,-0.4594103968661684,-0.8853336700648033,-1.3653654661129109,0.5574400936144993,-0.3555829950036889,0.9911705877184126,0.6371171527096334,0,0.5379582709978995,,,,,,
0,0,0,0,1.9345356459811731,0.9038525351878244,-0.6875856636556578,1.1074340931646207,1.691208312292207,-0.3555829950036889,0.9911705877184126,0.4098358306073453,0,0.9149217309700568,,,,,,
0,1,0,0,0.3514191440170712,0.9038525351878244,-1.1456365496131953,1.1074340931646207,1.4128130503138605,-0.3555829950036889,-1.0080559469640418,0.1825545078232127,0,0.5379582709978995,,,,,,
0,0,0,0,-0.3004523567916767,0.9038525351878244,-0.9331251695307932,1.1074340931646207,1.357133997918191,-0.3555829950036889,-1.0080559469640418,0.1825545078232127,0,-0.0903141620377204,,,,,,
0,1,0,0,-0.9523238576004246,0.9038525351878244,-1.1232334637810686,1.1074340931646207,0.4786177265911124,-0.3555829950036889,-1.0080559469640418,0.6371171527096334,0,0.9149217309700568,,,,,,
0,0,0,0,-0.7660748573693538,0.9038525351878244,-1.2177984711117342,1.7256339829840035,0.7121816966412097,-0.3555829950036889,-1.0080559469640418,1.0916797975960542,0,0.9149217309700568,,,,,,
0,1,0,1,-0.8591993574848892,-1.822673328920161,-0.7471600094892847,-0.7471655762935278,-1.0032616499502025,-0.3555829950036889,0.9911705877184126,-0.2720081363813634,0,-0.0903141620377204,,,,,,
0,0,0,0,-0.5798258571382829,-0.4594103968661684,-0.8853336700648033,0.4892342033452379,0.9023621684559352,-0.3555829950036889,0.9911705877184126,-0.4992894591654961,0,0.5379582709978995,,,,,,
0,0,0,0,-0.8591993574848892,-0.4594103968661684,-1.002750321151585,1.1074340931646207,0.0892866076859808,-0.3555829950036889,0.9911705877184126,-0.2720081363813634,0,-0.592932108918573,,,,,,
0,1,0,1,-0.3935768569072121,0.9038525351878244,-0.8552908720738063,0.4892342033452379,1.2265767947124142,-0.3555829950036889,-1.0080559469640418,0.4098358306073453,0,-0.592932108918573,,,,,,
0,1,0,0,1.0964151449413546,0.9038525351878244,-2.3072778274034063,1.1074340931646207,1.6355292598965374,-0.3555829950036889,-1.0080559469640418,0.4098358306073453,0,0.9149217309700568,,,,,,
0,1,0,0,-0.0210788564450704,-1.822673328920161,-1.3589341614857204,1.1074340931646207,1.105459432868563,-0.3555829950036889,0.9911705877184126,1.0916797975960542,0,1.1662307040335194,,,,,,
0,1,0,0,-0.1142033565606058,0.9038525351878244,-1.2177984711117342,0.4892342033452379,0.7486640517313832,-0.3555829950036889,-1.0080559469640418,0.6371171527096334,0,0.0353403241170469,,,,,,
0,0,0,0,1.9345356459811731,0.9038525351878244,-1.1232334637810686,-1.9835653559322937,1.9128360184599764,-0.3555829950036889,-1.0080559469640418,0.1825545078232127,0,1.4175396778509095,,,,,,
0,0,0,0,-0.8591993574848892,0.9038525351878244,-1.1688258672354452,1.1074340931646207,1.069399325642943,-0.3555829950036889,-1.0080559469640418,0.8643984748119214,0,1.1662307040335194,,,,,,
0,1,0,0,0.2582946439015358,0.9038525351878244,-1.002750321151585,1.1074340931646207,-0.2650618388814133,-0.3555829950036889,0.9911705877184126,0.1825545078232127,0,-1.975131461898508,,,,,,
0,1,0,0,-0.8591993574848892,0.9038525351878244,-1.1456365496131953,0.4892342033452379,0.8032546007121448,-0.3555829950036889,0.9911705877184126,-0.7265707812677842,0,0.5379582709978995,,,,,,
1,1,0,0,0.0720456436704649,0.9038525351878244,-0.3210393798291498,-1.3653654661129109,1.1163071933359832,-0.3555829950036889,0.9911705877184126,-0.4992894591654961,0,1.5431941640056768,1.432534621136497,1.820893883768916,1.010302471565581,1.1477172285123636,1.4861984432429385,0.4799199734783458
0,1,0,0,1.3757886452879609,0.9038525351878244,-0.9846443189154434,1.1074340931646207,1.4128130503138605,-0.3555829950036889,0.9911705877184126,-0.2720081363813634,0,0.7892672440613618,,,,,,
0,1,0,0,-0.6729503572538184,0.9038525351878244,-1.5386355045661095,1.1074340931646207,1.2276652981273215,-0.3555829950036889,0.9911705877184126,0.6371171527096334,0,0.5379582709978995,,,,,,
0,1,0,0,-0.5798258571382829,0.9038525351878244,-1.9966863905236472,-0.1289656864741449,-0.1565729165244138,-0.3555829950036889,0.9911705877184126,0.1825545078232127,0,-0.0903141620377204,,,,,,
0,0,0,0,0.3514191440170712,0.9038525351878244,-1.4608012071091223,1.1074340931646207,1.357133997918191,-0.3555829950036889,-1.0080559469640418,-1.6356960703587813,0,-0.3416231358551105,,,,,,
0,0,0,0,4.821395149562771,-1.822673328920161,-0.7597475851541964,0.4892342033452379,1.204555932085328,-0.3555829950036889,0.9911705877184126,-0.2720081363813634,0,0.5379582709978995,,,,,,
0,1,0,1,-0.9523238576004246,0.9038525351878244,-1.080584618608572,1.1074340931646207,0.177501397849602,-0.3555829950036889,0.9911705877184126,0.6371171527096334,0,1.6688486509143718,,,,,,
0,1,0,0,-0.7660748573693538,0.9038525351878244,-1.425072087380026,-0.1289656864741449,-0.2452099545525884,-0.3555829950036889,0.9911705877184126,-0.9538521033700724,0,-0.8442410819820356,,,,,,
0,1,0,0,-0.6729503572538184,0.9038525351878244,-1.7287437988163847,-0.1289656864741449,1.2514637997783682,-0.3555829950036889,-1.0080559469640418,0.6371171527096334,0,1.2918851909422144,,,,,,
0,0,0,1,-0.5798258571382829,0.9038525351878244,-1.1015650392159877,1.1074340931646207,0.846683116060266,2.809907727435166,0.9911705877184126,0.1825545078232127,1,0.4123037840892044,,,,,,
0,1,0,1,-0.7660748573693538,-0.4594103968661684,-1.1232334637810686,-0.7471655762935278,-0.0777505495010269,-0.3555829950036889,0.9911705877184126,0.4098358306073453,0,1.040576217878752,,,,,,
0,1,0,0,1.841411145865638,0.9038525351878244,-0.7597475851541964,1.7256339829840035,1.4684921027095297,-0.3555829950036889,0.9911705877184126,0.4098358306073453,0,-0.4672776220098779,,,,,,
0,0,0,0,-0.0210788564450704,0.9038525351878244,-0.8853336700648033,0.4892342033452379,0.7910040636645967,-0.3555829950036889,0.9911705877184126,1.0916797975960542,0,1.040576217878752,,,,,,
0,0,0,0,0.8170416445947483,0.9038525351878244,-0.8407666007829956,-1.9835653559322937,1.6355292598965374,-0.3555829950036889,0.9911705877184126,0.4098358306073453,0,0.6636127579065945,,,,,,
0,0,0,0,2.772656147020992,0.9038525351878244,-2.0849276391505205,1.1074340931646207,1.0318308682468045,-0.3555829950036889,-1.0080559469640418,0.1825545078232127,0,0.5379582709978995,,,,,,
0,0,0,0,1.5620376455190317,-1.822673328920161,-1.2177984711117342,-0.7471655762935278,-0.2122519689200832,-0.3555829950036889,0.9911705877184126,0.1825545078232127,0,-0.592932108918573,,,,,,
0,1,0,0,-0.4867013570227475,0.9038525351878244,-1.1015650392159877,-0.1289656864741449,0.8358353555928457,-0.3555829950036889,-1.0080559469640418,0.6371171527096334,0,0.286649297934437,,,,,,
0,1,0,0,-0.8591993574848892,0.9038525351878244,-1.3281924446123898,-1.9835653559322937,1.5886213922034975,-0.3555829950036889,0.9911705877184126,0.6371171527096334,0,0.6636127579065945,,,,,,
0,1,0,0,-0.8591993574848892,-0.4594103968661684,-0.9846443189154434,-0.7471655762935278,-0.1008938641287445,-0.3555829950036889,0.9911705877184126,0.4098358306073453,0,-0.4672776220098779,,,,,,
1,0,0,0,0.6307926443636774,-0.4594103968661684,-1.1456365496131953,0.4892342033452379,-1.9873209852293865,-0.3555829950036889,-1.0080559469640418,-0.4992894591654961,0,0.4123037840892044,-1.4171016880388407,-1.1891152097339777,-0.9875479113951852,-1.440763959714756,0.1865149443081559,-0.7379116355216186
0,1,0,0,-0.6729503572538184,0.9038525351878244,-1.91885209306666,-0.1289656864741449,0.0336075552903117,-0.3555829950036889,-1.0080559469640418,-0.4992894591654961,0,-1.095550055799425,,,,,,
0,1,0,1,-0.6729503572538184,0.9038525351878244,-0.7990162299047809,0.4892342033452379,0.5259478421487062,-0.3555829950036889,0.9911705877184126,-0.0447268142790753,0,0.0353403241170469,,,,,,
0,1,0,0,-0.4867013570227475,-1.822673328920161,-1.19285861540186,-1.3653654661129109,0.7916592506879253,-0.3555829950036889,0.9911705877184126,0.4098358306073453,0,0.160994811025742,,,,,,
0,0,0,0,-0.1142033565606058,0.9038525351878244,-1.7862433305699277,-1.3653654661129109,-1.8759628804380477,-0.3555829950036889,-1.0080559469640418,-2.7721026822339105,0,0.5379582709978995,,,,,,
1,0,0,0,-0.1142033565606058,0.9038525351878244,-1.1456365496131953,1.1074340931646207,0.7678607490368791,-0.3555829950036889,0.9911705877184126,0.8643984748119214,0,-0.4672776220098779,0.0967707978014683,0.9608912856252324,-0.9875479113951852,0.6300209906339761,0.6591271253523029,-0.1289958310216364
0,1,0,0,0.0720456436704649,-1.822673328920161,-0.8126420269013093,1.7256339829840035,1.474180009361045,-0.3555829950036889,0.9911705877184126,0.4098358306073453,0,0.0353403241170469,,,,,,
0,0,0,0,-0.3004523567916767,0.9038525351878244,-2.64484557073146,1.1074340931646207,1.069399325642943,-0.3555829950036889,0.9911705877184126,1.0916797975960542,0,1.2918851909422144,,,,,,
0,1,0,1,1.655162145634567,-0.4594103968661684,-0.9331251695307932,1.1074340931646207,0.2331804502452713,-0.3555829950036889,0.9911705877184126,0.6371171527096334,0,0.9149217309700568,,,,,,
0,1,0,0,-0.3935768569072121,0.9038525351878244,-0.9846443189154434,0.4892342033452379,0.724477250801507,-0.3555829950036889,-1.0080559469640418,0.8643984748119214,0,0.9149217309700568,,,,,,
0,1,0,0,0.1651701437860003,0.9038525351878244,-1.498573072643028,0.4892342033452379,1.2503752963634602,-0.3555829950036889,-1.0080559469640418,1.0916797975960542,0,1.1662307040335194,,,,,,
0,1,0,1,-0.8591993574848892,0.9038525351878244,-1.498573072643028,-0.7471655762935278,0.680301145896587,-0.3555829950036889,-1.0080559469640418,0.1825545078232127,0,-0.3416231358551105,,,,,,
0,1,0,0,-0.3004523567916767,0.9038525351878244,-1.6758493570692718,0.4892342033452379,1.0137202732472737,-0.3555829950036889,0.9911705877184126,0.8643984748119214,0,1.1662307040335194,,,,,,
0,1,0,0,1.7482866457501025,-1.822673328920161,-1.0213664181576667,0.4892342033452379,1.2870828155974334,2.809907727435166,0.9911705877184126,1.3189611196983422,1,0.4123037840892044,,,,,,
0,1,0,1,-0.1142033565606058,0.9038525351878244,-1.3589341614857204,0.4892342033452379,-0.1565729165244138,-0.3555829950036889,0.9911705877184126,0.6371171527096334,0,1.2918851909422144,,,,,,
0,0,0,0,1.655162145634567,0.9038525351878244,-1.498573072643028,1.7256339829840035,0.4145897373573674,2.809907727435166,-1.0080559469640418,-0.0447268142790753,1,0.7892672440613618,,,,,,
0,0,1,0,-0.3004523567916767,0.9038525351878244,-2.1867946847739224,-0.7471655762935278,-0.0452148117330751,-0.3555829950036889,0.9911705877184126,0.6371171527096334,0,1.040576217878752,,,,,,
0,0,0,0,0.0720456436704649,-0.4594103968661684,-1.7862433305699277,1.1074340931646207,1.4215842350164896,-0.3555829950036889,-1.0080559469640418,0.4098358306073453,0,1.040576217878752,,,,,,
0,1,0,0,-0.9523238576004246,0.9038525351878244,-1.9966863905236472,-1.9835653559322937,1.1250783780386124,-0.3555829950036889,-1.0080559469640418,0.8643984748119214,0,1.040576217878752,,,,,,
0,1,0,0,-0.8591993574848892,0.9038525351878244,-0.772579594978228,-1.3653654661129109,1.0931978272939893,-0.3555829950036889,0.9911705877184126,-0.0447268142790753,0,0.9149217309700568,,,,,,
0,0,0,1,1.4689131454034965,0.9038525351878244,-1.298817486740533,0.4892342033452379,-0.0220714971053576,-0.3555829950036889,-1.0080559469640418,0.4098358306073453,0,-0.0903141620377204,,,,,,
0,1,0,1,1.5620376455190317,0.9038525351878244,-1.91885209306666,-1.3653654661129109,-0.3561458114793734,-0.3555829950036889,-1.0080559469640418,0.8643984748119214,0,-2.226440435715898,,,,,,
1,0,0,1,-0.7660748573693538,-0.4594103968661684,-2.0849276391505205,0.4892342033452379,-1.0120328346528318,-0.3555829950036889,0.9911705877184126,0.8643984748119214,0,0.7892672440613618,0.9558838799209785,1.820893883768916,1.010302471565581,1.277141287787824,1.3680453976274425,0.4799199734783458
1,1,0,1,-0.9523238576004246,-0.4594103968661684,-1.3589341614857204,-0.7471655762935278,-2.098679090020725,-0.3555829950036889,0.9911705877184126,-0.0447268142790753,0,0.0353403241170469,-0.2466820461829057,0.1008886874815482,-0.9875479113951852,0.3711728720830549,1.249892352720865,1.088835777978328
0,0,0,0,2.307033646443315,-0.4594103968661684,-1.4608012071091223,0.4892342033452379,-1.3048002265562666,-0.3555829950036889,-1.0080559469640418,-0.0447268142790753,0,0.7892672440613618,,,,,,
0,1,0,1,-0.4867013570227475,0.9038525351878244,-1.5386355045661095,1.1074340931646207,1.2276652981273215,-0.3555829950036889,-1.0080559469640418,0.4098358306073453,0,0.7892672440613618,,,,,,
0,1,0,0,2.493282646674386,0.9038525351878244,-0.5539419318923252,1.1074340931646207,1.477263287412159,-0.3555829950036889,0.9911705877184126,0.4098358306073453,0,1.2918851909422144,,,,,,
0,1,0,0,-0.7660748573693538,0.9038525351878244,-1.1688258672354452,0.4892342033452379,1.1957847473826988,-0.3555829950036889,0.9911705877184126,-0.2720081363813634,0,-0.2159686489464154,,,,,,
0,1,0,1,-0.9523238576004246,-0.4594103968661684,-1.2437166064105525,0.4892342033452379,0.4702687897530367,-0.3555829950036889,-1.0080559469640418,0.1825545078232127,0,-0.2159686489464154,,,,,,
0,1,0,0,-0.4867013570227475,0.9038525351878244,-1.6268767531929829,0.4892342033452379,0.8827432232858856,-0.3555829950036889,0.9911705877184126,0.1825545078232127,0,1.040576217878752,,,,,,
0,1,0,0,0.537668144248142,0.9038525351878244,-0.949855879404472,1.1074340931646207,1.9128360184599764,2.809907727435166,0.9911705877184126,0.8643984748119214,1,1.040576217878752,,,,,,
0,0,0,1,-0.5798258571382829,0.9038525351878244,-2.0849276391505205,1.7256339829840035,2.159784046085279,-0.3555829950036889,-1.0080559469640418,1.3189611196983422,0,0.160994811025742,,,,,,
0,0,0,0,-0.6729503572538184,-0.4594103968661684,-1.5812843497386062,0.4892342033452379,-1.4305304612726932,-0.3555829950036889,0.9911705877184126,-1.1811334261542046,0,0.5379582709978995,,,,,,
0,0,0,1,-1.1385728578314955,-0.4594103968661684,-1.7287437988163847,-0.7471655762935278,-0.1978798389949948,-0.3555829950036889,-1.0080559469640418,0.4098358306073453,0,-1.095550055799425,,,,,,
0,1,0,0,-0.3004523567916767,-0.4594103968661684,-1.5812843497386062,1.7256339829840035,1.644300444599167,-0.3555829950036889,0.9911705877184126,1.3189611196983422,0,1.6688486509143718,,,,,,
0,1,0,1,-0.5798258571382829,0.9038525351878244,-1.3281924446123898,1.1074340931646207,-0.2122519689200832,-0.3555829950036889,-1.0080559469640418,-0.2720081363813634,0,0.4123037840892044,,,,,,
0,1,0,0,-0.7660748573693538,0.9038525351878244,-1.1232334637810686,-0.7471655762935278,0.1918735277746902,-0.3555829950036889,-1.0080559469640418,0.6371171527096334,0,1.2918851909422144,,,,,,
0,1,0,1,-0.5798258571382829,0.9038525351878244,-0.4918049934469342,1.7256339829840035,0.5903980792470047,-0.3555829950036889,0.9911705877184126,0.6371171527096334,0,0.0353403241170469,,,,,,
0,1,0,1,-0.3004523567916767,-0.4594103968661684,-0.949855879404472,1.1074340931646207,0.6131191460101687,-0.3555829950036889,0.9911705877184126,1.3189611196983422,0,0.4123037840892044,,,,,,
0,0,0,1,-1.04544835771596,0.9038525351878244,-1.5812843497386062,-0.7471655762935278,0.3455716444992424,-0.3555829950036889,-1.0080559469640418,-1.408414748256493,0,0.5379582709978995,,,,,,
0,0,0,0,-0.6729503572538184,0.9038525351878244,-1.19285861540186,1.1074340931646207,1.204555932085328,-0.3555829950036889,0.9911705877184126,0.8643984748119214,0,0.9149217309700568,,,,,,
0,0,0,0,-0.4867013570227475,-1.822673328920161,-0.9846443189154434,0.4892342033452379,1.1488768796896585,-0.3555829950036889,0.9911705877184126,-0.2720081363813634,0,0.5379582709978995,,,,,,
0,1,0,1,-0.9523238576004246,-0.4594103968661684,-0.6875856636556578,0.4892342033452379,0.2006447124773195,-0.3555829950036889,0.9911705877184126,0.4098358306073453,0,0.7892672440613618,,,,,,
1,0,0,0,0.8170416445947483,-0.4594103968661684,-1.298817486740533,0.4892342033452379,-1.1731679895715494,-0.3555829950036889,-1.0080559469640418,0.4098358306073453,0,0.9149217309700568,-1.4171016880388407,-1.1891152097339777,-0.9875479113951852,-1.440763959714756,1.0135862614898723,1.088835777978328
0,1,0,0,-0.5798258571382829,0.9038525351878244,-0.9331251695307932,-0.1289656864741449,0.9023621684559352,-0.3555829950036889,-1.0080559469640418,0.1825545078232127,0,0.0353403241170469,,,,,,
0,1,0,0,0.537668144248142,0.9038525351878244,-1.6758493570692718,0.4892342033452379,0.6043479613075392,-0.3555829950036889,-1.0080559469640418,0.4098358306073453,0,-0.2159686489464154,,,,,,
0,1,0,0,-0.4867013570227475,0.9038525351878244,-1.5386355045661095,-1.9835653559322937,-0.6779585202788159,2.809907727435166,-1.0080559469640418,-2.5448213601316225,1,0.7892672440613618,,,,,,
0,1,0,0,-0.0210788564450704,0.9038525351878244,-0.8265547037554567,1.7256339829840035,1.8582454694792148,-0.3555829950036889,0.9911705877184126,1.3189611196983422,0,0.9149217309700568,,,,,,
0,1,0,0,0.8170416445947483,0.9038525351878244,-1.0213664181576667,0.4892342033452379,0.8270641708902166,-0.3555829950036889,0.9911705877184126,-0.2720081363813634,0,-0.2159686489464154,,,,,,
1,0,0,1,-1.1385728578314955,0.9038525351878244,-1.2177984711117342,-0.1289656864741449,0.9724133507766928,-0.3555829950036889,0.9911705877184126,1.0916797975960542,0,0.4123037840892044,0.6208208811626378,0.5308899865533903,-0.9875479113951852,0.6300209906339761,0.0683618986926597,-0.1289958310216364
0,1,0,0,-0.3935768569072121,0.9038525351878244,-0.7107749812779072,0.4892342033452379,1.579850207500868,-0.3555829950036889,-1.0080559469640418,1.3189611196983422,0,1.6688486509143718,,,,,,
0,0,0,0,-0.9523238576004246,0.9038525351878244,-1.5812843497386062,1.1074340931646207,1.0028725127798537,-0.3555829950036889,0.9911705877184126,1.3189611196983422,0,1.1662307040335194,,,,,,
0,0,0,0,-0.8591993574848892,-0.4594103968661684,-0.7471600094892847,0.4892342033452379,0.5347190268513354,-0.3555829950036889,0.9911705877184126,0.1825545078232127,0,0.0353403241170469,,,,,,
1,0,0,0,-1.1385728578314955,-0.4594103968661684,-0.5446994351940471,-1.3653654661129109,-0.0781727973655805,-0.3555829950036889,-1.0080559469640418,0.6371171527096334,0,-0.592932108918573,0.6249947729715478,-0.7591139106621356,-0.9875479113951852,0.5005969313585155,-0.28609723744491,-0.1289958310216364
0,1,0,1,-0.3935768569072121,0.9038525351878244,-0.3342563752403276,1.1074340931646207,0.177501397849602,-0.3555829950036889,-1.0080559469640418,-0.0447268142790753,0,0.5379582709978995,,,,,,
0,1,0,1,-0.8591993574848892,-1.822673328920161,-1.3281924446123898,1.1074340931646207,1.3827661914320015,-0.3555829950036889,0.9911705877184126,0.6371171527096334,0,-1.095550055799425,,,,,,
1,0,1,1,-1.04544835771596,-0.4594103968661684,-1.2177984711117342,-1.3653654661129109,-1.9873209852293865,-0.3555829950036889,-1.0080559469640418,-2.5448213601316225,0,0.6636127579065945,-1.4171016880388407,-1.1891152097339777,-0.9875479113951852,-1.440763959714756,1.4861984432429385,1.088835777978328
0,0,0,0,-1.1385728578314955,-1.822673328920161,-1.7862433305699277,0.4892342033452379,-1.9873209852293865,-0.3555829950036889,-1.0080559469640418,-0.4992894591654961,0,1.040576217878752,,,,,,
0,0,0,1,-0.5798258571382829,0.9038525351878244,-1.91885209306666,-0.7471655762935278,0.6043479613075392,-0.3555829950036889,0.9911705877184126,-0.0447268142790753,0,-0.8442410819820356,,,,,,
0,0,0,0,-0.1142033565606058,0.9038525351878244,-0.7597475851541964,0.4892342033452379,0.9580412208516044,-0.3555829950036889,0.9911705877184126,1.3189611196983422,0,-0.0903141620377204,,,,,,
0,1,0,1,-0.9523238576004246,0.9038525351878244,-0.6651825778235311,1.1074340931646207,1.7200395335714398,-0.3555829950036889,0.9911705877184126,0.6371171527096334,0,1.1662307040335194,,,,,,
0,0,0,0,-0.6729503572538184,0.9038525351878244,-0.7597475851541964,1.1074340931646207,0.8043431041270527,2.809907727435166,0.9911705877184126,1.3189611196983422,1,0.0353403241170469,,,,,,
0,1,0,1,-1.1385728578314955,-0.4594103968661684,-0.572824009075733,0.4892342033452379,0.1218223454539326,-0.3555829950036889,0.9911705877184126,0.6371171527096334,0,0.160994811025742,,,,,,
0,0,0,0,0.537668144248142,0.9038525351878244,-1.9966863905236472,0.4892342033452379,-0.6720565180105257,-0.3555829950036889,-1.0080559469640418,-1.8629773931429137,0,1.1662307040335194,,,,,,
0,0,0,0,-0.6729503572538184,0.9038525351878244,-0.8126420269013093,-0.1289656864741449,0.692984999335714,-0.3555829950036889,0.9911705877184126,-0.0447268142790753,0,0.160994811025742,,,,,,
0,0,0,1,-0.3004523567916767,0.9038525351878244,-0.572824009075733,-0.1289656864741449,0.6687981984058378,-0.3555829950036889,-1.0080559469640418,-0.0447268142790753,0,-0.3416231358551105,,,,,,
0,0,0,1,-1.04544835771596,0.9038525351878244,-1.9966863905236472,0.4892342033452379,-1.0589407023458717,-0.3555829950036889,-1.0080559469640418,-1.408414748256493,0,-1.095550055799425,,,,,,
0,1,0,0,-0.4867013570227475,0.9038525351878244,-1.19285861540186,0.4892342033452379,-0.5809725454125655,-0.3555829950036889,0.9911705877184126,0.4098358306073453,0,0.4123037840892044,,,,,,
0,1,0,0,0.0720456436704649,0.9038525351878244,-1.5386355045661095,-0.7471655762935278,0.0892866076859808,-0.3555829950036889,-1.0080559469640418,0.8643984748119214,0,0.5379582709978995,,,,,,
